icao24,lastSeen,callsign,callsign3,IATA,Airline Name,firstSeen,estArrivalAirport,estDepartureAirport,estArrivalAirportVertDistance,arrivalAirportCandidatesCount,estArrivalAirportHorizDistance,estDepartureAirportVertDistance,departureAirportCandidatesCount,estDepartureAirportHorizDistance
4ca256,1583538088,RYR11XB ,RYR,FR,Ryanair,1583528596,EGCC,,2,1,1188,,0,
4cafc2,1583537524,RYR84AA ,RYR,FR,Ryanair,1583522407,EGCC,,5,1,1097,,0,
40768b,1583536505,EZY72ER ,EZY,U2,easyJet,1583508226,EGCC,EGCC,2,1,178,43,1,469
4ca7b7,1583536053,RYR2RR  ,RYR,FR,Ryanair,1583533040,EGCC,EINN,2,1,946,100,0,916
3c6742,1583535881,DLH4TW  ,DLH,LH,Lufthansa,1583529360,EGCC,EDDM,2,1,147,141,0,1233
4ca4e8,1583535692,RYR5EU  ,RYR,FR,Ryanair,1583525170,EGCC,LEZL,2,1,925,263,1,2335
40772d,1583535604,EZY16KQ ,EZY,U2,easyJet,1583529974,EGCC,LSGG,2,1,164,72,1,202
40690d,1583535489,EZY47PR ,EZY,U2,easyJet,1583520316,EGCC,,2,1,132,,0,
4ca645,1583534988,RYR1HH  ,RYR,FR,Ryanair,1583523785,EGCC,LEMG,13,1,1349,69,0,1561
4ca740,1583534856,RYR56LE ,RYR,FR,Ryanair,1583528147,EGCC,LIME,9,1,687,569,1,2951
4074b8,1583534420,EZY21DZ ,EZY,U2,easyJet,1583523456,EGCC,,2,1,237,,0,
4074b6,1583534271,EZY85WE ,EZY,U2,easyJet,1583528720,EGCC,LSZM,2,1,339,19,1,2860
406d27,1583533552,EXS43A  ,EXS,LS,Jet2.com,1583519402,EGCC,,2,1,802,,0,
3c648a,1583533319,DLH9CK  ,DLH,LH,Lufthansa,1583528287,EGCC,EDDF,2,1,719,49,1,1306
4ca7b4,1583533203,RYR5GB  ,RYR,FR,Ryanair,1583524297,EGCC,LEBL,13,1,1177,903,0,6863
40622b,1583532998,EZY76HR ,EZY,U2,easyJet,1583526606,EGCC,,2,1,346,,0,
4072c8,1583532824,EZY69ME ,EZY,U2,easyJet,1583527140,EGCC,EKCH,2,1,158,93,0,478
4ca704,1583532613,RYR100A ,RYR,FR,Ryanair,1583525770,EGCC,LKPR,13,1,1251,389,2,1934
406668,1583532544,EZY31MC ,EZY,U2,easyJet,1583530548,EGCC,EGAA,2,1,9,550,0,3205
406673,1583532464,EZY67KA ,EZY,U2,easyJet,1583523691,EGCC,LHBP,2,1,338,70,0,1203
4ca4f5,1583532245,RYR4TY  ,RYR,FR,Ryanair,1583528674,EGCC,EBCI,5,1,1191,262,2,1607
406d92,1583532160,EZY14WF ,EZY,U2,easyJet,1583525542,EGCC,LKPR,2,1,141,366,2,2245
44cdcd,1583532020,BEL2UQ  ,BEL,,,1583528707,EGCC,EBMB,5,1,130,31,2,420
484160,1583531877,KLM59W  ,KLM,KL,KLM Royal Dutch Airlines,1583527938,EGCC,EHAM,5,1,766,33,0,768
4ca9cd,1583531835,RYR2UN  ,RYR,FR,Ryanair,1583522996,EGCC,LEMD,5,1,1116,145,1,5569
4ca765,1583531473,RYR78MC ,RYR,FR,Ryanair,1583524796,EGCC,EPMR,13,1,1259,1982,0,11338
4076dd,1583531319,EXS9180 ,EXS,LS,Jet2.com,1583515869,EGCC,,2,1,888,,0,
4064bb,1583531197,EXS059B ,EXS,LS,Jet2.com,1583526820,EGCC,EGCC,2,1,303,13,1,289
4010ee,1583531043,EZY61VB ,EZY,U2,easyJet,1583521393,EGCC,,2,1,1064,,0,
400fe2,1583530678,EZY13VR ,EZY,U2,easyJet,1583526962,EGCC,EHAM,2,1,389,41,0,1028
4062d5,1583529922,EXS756  ,EXS,LS,Jet2.com,1583514823,EGCC,,5,1,221,,0,
400437,1583529701,EXS9JF  ,EXS,LS,Jet2.com,1583515222,EGCC,,13,1,272,,0,
4d225d,1583529414,RYR26FR ,RYR,FR,Ryanair,1583520292,EGCC,LIRA,5,1,171,60,0,234
406c43,1583529237,CFE1EC  ,CFE,CJ,BA CityFlyer,1583526871,EGCC,EGLC,5,1,479,9,1,444
4ca7b5,1583529225,RYR768E ,RYR,FR,Ryanair,1583526990,EGCC,EIDW,13,1,1210,192,1,1344
407180,1583529016,EXS78Y  ,EXS,LS,Jet2.com,1583513461,EGCC,,5,1,1022,,0,
401079,1583528908,EXS18N  ,EXS,LS,Jet2.com,1583513869,EGCC,,13,1,1520,,0,
400e4e,1583528441,EXS3WT  ,EXS,LS,Jet2.com,1583513795,EGCC,,5,1,452,,0,
4009dd,1583528219,TOM791  ,TOM,BY,Thomsonfly,1583513576,EGCC,,13,1,767,,0,
400d90,1583527985,EZY28MB ,EZY,U2,easyJet,1583524220,EGCC,LFPG,2,1,800,86,3,1817
4caa54,1583527313,STK328M ,STK,,Aeropac,1583524757,EGCC,EIDW,5,1,498,154,1,678
407179,1583527028,EXS13SG ,EXS,LS,Jet2.com,1583511792,EGCC,,13,1,1060,,0,
400d8c,1583526535,EZY36UA ,EZY,U2,easyJet,1583520964,EGCC,EDDT,13,1,231,252,0,585
4caaec,1583525232,STK728C ,STK,,Aeropac,1583521091,EGCC,EICK,2,1,422,83,0,973
4ca223,1583524947,RYR7BK  ,RYR,FR,Ryanair,1583515336,EGCC,LPPT,5,1,500,76,2,878
47a619,1583524254,NAX1344 ,NAX,DY,Norwegian Air Shuttle,1583511124,EGCC,,5,1,587,,0,
484132,1583524215,KLM89S  ,KLM,KL,KLM Royal Dutch Airlines,1583520605,EGCC,EHAM,20,1,762,56,0,1593
4ca7b7,1583524044,RYR5CE  ,RYR,FR,Ryanair,1583521913,EGCC,EIDW,2,1,291,139,1,1070
47834a,1583523569,SAS4605 ,SAS,SK,Scandinavian Airlines System,1583518530,EGCC,ENUL,2,1,646,1569,1,9666
06a0b5,1583523419,QTR4FE  ,QTR,QR,Qatar Airways,1583498618,EGCC,OTHH,13,1,449,10,1,1642
4ca281,1583523316,EIN21KX ,EIN,EI,Aer Lingus,1583521146,EGCC,EIDW,13,1,498,124,1,934
47869a,1583523082,SAS4610 ,SAS,SK,Scandinavian Airlines System,1583517515,EGCC,,13,1,452,,0,
4783a8,1583522819,SAS4849 ,SAS,SK,Scandinavian Airlines System,1583517964,EGCC,ENZV,2,1,835,44,0,774
406668,1583522268,EZY67CN ,EZY,U2,easyJet,1583514242,EGCC,EPKK,13,1,491,581,0,3445
4070ef,1583522036,EXS4KE  ,EXS,LS,Jet2.com,1583506332,EGCC,,28,1,1189,,0,
40702e,1583521819,EXS88L  ,EXS,LS,Jet2.com,1583515532,EGCC,LKPR,13,1,846,671,2,4723
760916,1583521456,PIA701  ,PIA,PK,Pakistan International Airlines,1583505256,EGCC,,13,1,523,,0,
48c236,1583521285,RYR25SY ,RYR,FR,Ryanair,1583513185,EGCC,EPKK,13,1,110,574,0,3669
407031,1583521115,EXS76L  ,EXS,LS,Jet2.com,1583509981,EGCC,,28,1,1310,,0,
40093f,1583521074,SHT2G   ,SHT,,British Airways Shuttle,1583518972,EGCC,EGLL,13,1,494,73,2,792
346089,1583520958,VLG75DW ,VLG,VY,Vueling Airlines,1583513106,EGCC,LEBL,13,1,490,682,0,5261
40788c,1583520748,AUR78B  ,AUR,GR,Aurigny Air Services,1583515780,EGCC,,20,1,990,,0,
3c56f2,1583520321,EWG47U  ,EWG,EW,Eurowings,1583516202,EGCC,EDDL,13,1,497,84,0,869
392aec,1583519669,AFR65LP ,AFR,AF,Air France,1583515982,EGCC,LFPG,13,1,643,139,2,2229
4ca88e,1583519386,RYR1ZR  ,RYR,FR,Ryanair,1583517291,EGCC,EIDW,13,1,331,131,1,1046
406d6f,1583519066,TOM277  ,TOM,BY,Thomsonfly,1583473561,EGCC,,20,1,176,,0,
4ca4f5,1583518937,RYR57GD ,RYR,FR,Ryanair,1583514292,EGCC,EDDH,20,1,501,151,0,1361
89647a,1583518759,UAE3PG  ,UAE,EK,Emirates,1583491594,EGCC,OMDB,20,1,665,11,0,961
4b161c,1583518496,SWR31V  ,SWR,LX,Swiss International Air Lines,1583512537,EGCC,LSZH,28,1,134,63,1,1209
400fe2,1583518258,EZY91PQ ,EZY,U2,easyJet,1583511710,EGCC,EDDM,20,1,9,103,0,630
70c0cd,1583518109,OMA105  ,OMA,WY,Oman Air,1583470331,EGCC,VABB,20,1,512,3,1,199
406ad1,1583517852,GMA591  ,GMA,,Gama Aviation,1583514375,EGCC,,43,1,1244,,0,
4cafcd,1583517559,SAS541  ,SAS,SK,Scandinavian Airlines System,1583512231,EGCC,EKCH,20,1,470,154,0,473
40772d,1583517269,EZY42VQ ,EZY,U2,easyJet,1583513314,EGCC,EHAM,20,1,476,79,0,1077
4ac9f9,1583517057,SAS2549 ,SAS,SK,Scandinavian Airlines System,1583509471,EGCC,ESSA,20,1,493,369,0,1708
401078,1583516886,EXS8DK  ,EXS,LS,Jet2.com,1583506084,EGCC,LPFR,51,1,2633,91,0,2347
479f4f,1583515667,NAX4479 ,NAX,DY,Norwegian Air Shuttle,1583508006,EGCC,ESSA,13,1,298,202,0,1382
4d219e,1583515403,EMM009  ,EMM,,,1583512148,EGCC,EGHQ,51,1,1383,300,0,1272
4074b6,1583515165,EZY62UJ ,EZY,U2,easyJet,1583499260,EGCC,,35,1,170,,0,
4ca740,1583514839,RYR870B ,RYR,FR,Ryanair,1583499890,EGCC,,28,1,779,,0,
4072c8,1583514809,EZY12DH ,EZY,U2,easyJet,1583507370,EGCC,LIPZ,28,1,518,226,1,1308
40072b,1583514629,EXS9918 ,EXS,LS,Jet2.com,1583499183,EGCC,,35,1,2401,,0,
461fa8,1583513785,FIN5SK  ,FIN,AY,Finnair,1583504341,EGCC,EFHK,35,1,31,52,1,1900
3c648a,1583513664,DLH1HH  ,DLH,LH,Lufthansa,1583508270,EGCC,EDDF,28,1,278,110,1,1515
4ca256,1583513454,RYR676T ,RYR,FR,Ryanair,1583507011,EGCC,LFMK,28,1,899,20,0,72
400428,1583513233,EXS8CS  ,EXS,LS,Jet2.com,1583504161,EGCC,,74,1,3706,,0,
4010eb,1583513069,EZY25NB ,EZY,U2,easyJet,1583511008,EGCC,EGAA,35,1,76,535,0,3373
7609a8,1583512828,PIA709  ,PIA,PK,Pakistan International Airlines,1583489324,EGCC,,28,1,914,,0,
4ca281,1583512679,EIN2GA  ,EIN,EI,Aer Lingus,1583510558,EGCC,EIDW,35,1,476,185,1,1026
3c6594,1583512525,DLH5JF  ,DLH,LH,Lufthansa,1583506365,EGCC,EDDM,35,1,55,141,0,1214
4ca704,1583512379,RYR399H ,RYR,FR,Ryanair,1583508639,EGCC,EHEH,35,1,1101,221,0,1835
40622b,1583512199,EZY53MC ,EZY,U2,easyJet,1583506607,EGCC,LSGG,35,1,430,88,1,29
4ca765,1583512199,RYR9CB  ,RYR,FR,Ryanair,1583496931,EGCC,,28,1,602,,0,
4ca7b7,1583511947,RYR1QC  ,RYR,FR,Ryanair,1583500892,EGCC,UKBB,35,1,711,1256,0,10417
400d90,1583511836,EZY86PE ,EZY,U2,easyJet,1583506350,EGCC,LFBD,35,1,217,110,0,431
4841a6,1583511435,KLM1079 ,KLM,KL,KLM Royal Dutch Airlines,1583508330,EGCC,EHAM,28,1,490,87,0,2145
a95576,1583511308,N700KG  ,N70,,,1583509942,EGCC,EGNS,51,1,1141,45,0,217
406d92,1583511114,EZY87XQ ,EZY,U2,easyJet,1583498101,EGCC,LGAV,35,1,271,1285,0,10597
40093e,1583511025,SHT2P   ,SHT,,British Airways Shuttle,1583509001,EGCC,EGLL,35,1,469,81,2,795
4064bb,1583510866,EXS049A ,EXS,LS,Jet2.com,1583508197,EGCC,EGHH,28,1,547,41,0,418
4caaec,1583510757,STK26CM ,STK,,Aeropac,1583506525,EGCC,EICK,35,1,685,90,0,581
4ca7b4,1583510035,RYR6PZ  ,RYR,FR,Ryanair,1583478334,EGCC,EGCC,35,1,625,112,0,3173
400f4c,1583509973,EXS2ZP  ,EXS,LS,Jet2.com,1583499253,EGCC,LEMG,43,1,210,61,0,541
406f96,1583509733,GEFSD   ,GEF,,,1583506797,EGCC,,112,2,15749,,0,
4075af,1583509729,EXS4TQ  ,EXS,LS,Jet2.com,1583501413,EGCC,LHBP,43,1,187,207,0,3567
345617,1583509021,TOM460F ,TOM,BY,Thomsonfly,1583500386,EGCC,LEPA,58,1,1278,22,1,857
400d8c,1583508945,EZY140  ,EZY,U2,easyJet,1583506956,EGCC,EGAA,43,1,160,1686,0,12230
4ca4e8,1583508719,RYR14GL ,RYR,FR,Ryanair,1583504447,EGCC,EKBI,43,1,1015,214,0,1324
4bb26d,1583508166,THY5DC  ,THY,TK,Turkish Airlines,1583494723,EGCC,,43,1,232,,0,
406a63,1583507997,EXS79E  ,EXS,LS,Jet2.com,1583499072,EGCC,LIRF,43,1,851,178,0,458
4ca9cd,1583507752,RYR6815 ,RYR,FR,Ryanair,1583498947,EGCC,LEMD,35,1,98,15,1,4267
4076da,1583507626,EXS59ED ,EXS,LS,Jet2.com,1583500110,EGCC,LEBL,43,1,874,636,0,5453
4ca645,1583507399,RYR83QM ,RYR,FR,Ryanair,1583496189,EGCC,LMML,43,1,828,594,0,4400
4074b7,1583507248,EZY67QT ,EZY,U2,easyJet,1583505091,EGCC,EGAA,43,1,465,642,0,3870
405fac,1583507059,GCFTZ   ,GCF,,Aeronor,1583504562,EGCC,EGBO,89,2,17413,249,1,1200
406471,1583506888,TOM74K  ,TOM,BY,Thomsonfly,1583495162,EGCC,,43,1,842,,0,
020104,1583506325,RAM818  ,RAM,AT,Royal Air Maroc,1583494997,EGCC,GMMN,35,1,396,843,0,6740
3c56e7,1583505746,EWG9XG  ,EWG,EW,Eurowings,1583501673,EGCC,EDDL,43,1,103,122,0,950
4074b8,1583505434,EZY58JQ ,EZY,U2,easyJet,1583501073,EGCC,EHAM,43,1,494,110,0,868
4cafd1,1583505130,RYR562  ,RYR,FR,Ryanair,1583502973,EGCC,EIDW,35,1,322,177,1,918
406a3e,1583504994,SHT2V   ,SHT,,British Airways Shuttle,1583503115,EGCC,EGLL,51,1,116,89,3,639
3cf106,1583504657,JCL1    ,JCL,,,1583490966,EGCC,,58,1,485,,0,
400e4a,1583504317,EXS5D   ,EXS,LS,Jet2.com,1583496393,EGCC,EPKK,58,1,1251,764,0,5752
491313,1583504177,NJE877L ,NJE,,,1583498078,EGCC,LSZR,81,1,1477,1148,0,4345
4d2256,1583503889,RYR3AG  ,RYR,FR,Ryanair,1583498108,EGCC,EDDB,51,1,1139,180,0,1195
407183,1583503641,EXS802Q ,EXS,LS,Jet2.com,1583496262,EGCC,LIPZ,58,1,1170,195,1,1011
406673,1583503332,EZY64RF ,EZY,U2,easyJet,1583493751,EGCC,,51,1,487,,0,
3950c5,1583503188,AFR26TT ,AFR,AF,Air France,1583499458,EGCC,LFPG,51,1,755,200,3,1525
40772d,1583503071,EZY54EU ,EZY,U2,easyJet,1583492940,EGCC,LEMG,51,1,207,77,0,826
4010ee,1583502803,EZY1840 ,EZY,U2,easyJet,1583493244,EGCC,,51,1,87,,0,
4405ea,1583502718,EJU97EA ,EJU,,,1583496410,EGCC,LIMC,51,1,164,101,2,1435
40796e,1583502528,EXS5306 ,EXS,LS,Jet2.com,1583501043,EGCC,EGNT,51,1,1027,985,0,5850
3c65c4,1583502356,DLH938  ,DLH,LH,Lufthansa,1583497150,EGCC,EDDF,51,1,717,140,1,1070
40768b,1583502171,EZY85VA ,EZY,U2,easyJet,1583494800,EGCC,BIKF,51,1,35,366,0,3429
406fd8,1583501367,EZY73FG ,EZY,U2,easyJet,1583492134,EGCC,LPPR,51,1,435,181,1,1528
4054a8,1583501205,TOM2LJ  ,TOM,BY,Thomsonfly,1583486497,EGCC,,51,1,305,,0,
4ca4f5,1583501064,RYR8HC  ,RYR,FR,Ryanair,1583494615,EGCC,LKPR,51,1,1098,427,2,2016
406668,1583500584,EZY92WD ,EZY,U2,easyJet,1583492356,EGCC,LEBL,51,1,524,1177,0,11241
4ca294,1583500347,EIN204  ,EIN,EI,Aer Lingus,1583498220,EGCC,EIDW,43,1,944,246,1,1223
89653c,1583500163,ETD37A  ,ETD,EY,Etihad Airways,1583475181,EGCC,,51,1,64,,0,
3c6581,1583499775,DLH3WL  ,DLH,LH,Lufthansa,1583493241,EGCC,EDDM,43,1,938,148,0,1471
40702e,1583499584,EXS81T  ,EXS,LS,Jet2.com,1583493931,EGCC,LSGG,35,1,426,194,1,694
4b8e42,1583499320,PGT76W  ,PGT,PC,Pegasus Airlines,1583485744,EGCC,LTFJ,51,1,719,346,1,2835
4cafc2,1583499179,RYR63TH ,RYR,FR,Ryanair,1583490061,EGCC,,51,1,562,,0,
484132,1583499015,KLM1075 ,KLM,KL,KLM Royal Dutch Airlines,1583494921,EGCC,EHAM,51,1,563,125,0,1072
4ca8ab,1583498877,RYR9GD  ,RYR,FR,Ryanair,1583492143,EGCC,LIME,51,1,895,561,1,3015
48c227,1583498062,RYR82JL ,RYR,FR,Ryanair,1583489203,EGCC,LHBP,43,1,558,207,0,2114
4ca223,1583497149,RYR694C ,RYR,FR,Ryanair,1583489046,EGCC,LEBL,51,1,954,758,0,5586
4ca704,1583497010,RYR5LT  ,RYR,FR,Ryanair,1583489786,EGCC,LIPE,51,1,847,800,0,5915
4cafcc,1583496252,SAS4609 ,SAS,SK,Scandinavian Airlines System,1583490240,EGCC,ENGM,51,1,595,1438,0,13412
4aca06,1583495879,NAX1348 ,NAX,DY,Norwegian Air Shuttle,1583489831,EGCC,ENGM,51,1,1049,1324,0,14393
3c6664,1583495817,DLH6CH  ,DLH,LH,Lufthansa,1583489346,EGCC,EDDF,58,1,262,163,1,1100
4d224f,1583495687,RYR9XA  ,RYR,FR,Ryanair,1583491443,EGCC,EDDK,51,1,527,349,1,2180
400d8c,1583495666,EZY79RW ,EZY,U2,easyJet,1583489409,EGCC,EKCH,51,1,497,124,0,489
400d90,1583495458,EZY1870 ,EZY,U2,easyJet,1583488200,EGCC,LIPX,51,1,74,132,1,6
4d2275,1583495308,RYR30DL ,RYR,FR,Ryanair,1583489404,EGCC,EDDB,51,1,819,180,0,2622
06a2b4,1583495150,QTR3GC  ,QTR,QR,Qatar Airways,1583470779,EGCC,OTHH,43,1,539,72,1,2387
4074fc,1583495038,VIR809P ,VIR,VS,Virgin Atlantic Airways,1583492580,EGCC,EGKK,58,1,409,433,1,1075
4ca256,1583494846,RYR72TM ,RYR,FR,Ryanair,1583488531,EGCC,LIMC,58,1,531,93,2,1058
400804,1583494706,SHT2Q   ,SHT,,British Airways Shuttle,1583492731,EGCC,EGLL,58,1,187,89,3,644
40690d,1583494438,EZY25XC ,EZY,U2,easyJet,1583488487,EGCC,EDDT,58,1,297,282,0,1183
44012f,1583494226,AUA463  ,AUA,OS,Austrian Airlines,1583486710,EGCC,LOWW,58,1,1081,129,0,231
4ca4e8,1583494046,RYR2WF  ,RYR,FR,Ryanair,1583488060,EGCC,,51,1,497,,0,
4cafd1,1583493899,RYR554  ,RYR,FR,Ryanair,1583490887,EGCC,EIDW,58,1,1185,185,1,1049
40622b,1583493088,EZY91JC ,EZY,U2,easyJet,1583492462,EGCC,EGCC,58,1,419,58,1,282
49514e,1583492561,TAP131P ,TAP,TP,TAP Portugal,1583481815,EGCC,LPPT,58,1,500,267,2,2005
4caad8,1583492267,STK32D  ,STK,,Aeropac,1583489670,EGCC,EIDW,51,1,242,261,1,1123
c078c1,1583492058,TSC564  ,TSC,TS,Air Transat,1583470447,EGCC,CYYZ,51,1,145,17,1,2188
8960ec,1583491755,UAE17   ,UAE,EK,Emirates,1583465538,EGCC,OMDB,43,1,274,26,0,1706
400fe2,1583491512,EZY94VG ,EZY,U2,easyJet,1583484992,EGCC,LKPR,58,1,490,435,1,1870
4072c8,1583491169,EZY95BV ,EZY,U2,easyJet,1583487731,EGCC,LFPG,58,1,470,208,3,1394
4074b8,1583490777,EZY47KU ,EZY,U2,easyJet,1583486200,EGCC,EDDH,66,1,109,166,0,1121
4cc27c,1583489699,ICE52T  ,ICE,FI,Icelandair,1583482250,EGCC,BIKF,66,1,236,473,0,1742
40622b,1583489087,EZY71VZ ,EZY,U2,easyJet,1583485338,EGCC,EHAM,58,1,284,140,0,1684
44cdca,1583488887,BEL7TP  ,BEL,,,1583485475,EGCC,EBBR,58,1,561,119,2,837
4794f2,1583488758,NAX1326 ,NAX,DY,Norwegian Air Shuttle,1583483851,EGCC,ENZV,51,1,282,74,0,722
3c6446,1583488318,DLH1PL  ,DLH,LH,Lufthansa,1583482290,EGCC,EDDM,58,1,448,202,0,1362
484130,1583487769,KLM41R  ,KLM,KL,KLM Royal Dutch Airlines,1583484841,EGCC,EHAM,58,1,699,140,0,4203
4bb26b,1583487292,THY9XC  ,THY,TK,Turkish Airlines,1583474316,EGCC,,66,1,670,,0,
45ac45,1583486842,SAS42B  ,SAS,SK,Scandinavian Airlines System,1583481665,EGCC,EKCH,66,1,655,177,0,286
4ca7b9,1583486301,RYR17HP ,RYR,FR,Ryanair,1583478103,EGCC,LEVC,66,1,707,12,0,136
461fa7,1583485402,FIN6EN  ,FIN,AY,Finnair,1583475837,EGCC,EFHK,66,1,890,90,1,1107
392ae8,1583485226,AFR55LU ,AFR,AF,Air France,1583481651,EGCC,LFPG,74,1,761,261,3,1687
45ac33,1583485168,SAS161E ,SAS,SK,Scandinavian Airlines System,1583477717,EGCC,ESSA,74,1,666,278,0,1389
400802,1583484416,SHT2J   ,SHT,,British Airways Shuttle,1583482473,EGCC,EGLL,74,1,478,157,3,931
3c6644,1583484054,DLH5HR  ,DLH,LH,Lufthansa,1583478806,EGCC,EDDF,74,1,937,193,1,1057
4caaec,1583482789,STK2M   ,STK,,Aeropac,1583478646,EGCC,EICK,66,1,310,250,0,950
ab2ad8,1583482337,AAL734  ,AAL,AA,American Airlines,1583461528,EGCC,KPHL,81,1,36,11,3,2021
48455a,1583482104,KLM35N  ,KLM,KL,KLM Royal Dutch Airlines,1583479054,EGCC,EHAM,74,1,626,155,0,3082
40788c,1583481940,AUR70B  ,AUR,GR,Aurigny Air Services,1583478017,EGCC,,81,1,726,,0,
4b17e0,1583481282,SWR33K  ,SWR,LX,Swiss International Air Lines,1583473844,EGCC,LSZH,81,1,494,124,1,1087
4009d8,1583481145,SHT2L   ,SHT,,British Airways Shuttle,1583479288,EGCC,EGLL,81,1,200,157,3,641
400db1,1583480847,EZY130  ,EZY,U2,easyJet,1583478674,EGCC,EGAA,81,1,523,672,0,3947
76cdb0,1583480336,SIA52   ,SIA,SQ,Singapore Airlines,1583432099,EGCC,WSSS,81,1,857,480,2,3437
4ca281,1583479546,EIN2AW  ,EIN,EI,Aer Lingus,1583477337,EGCC,EIDW,81,1,498,307,1,1262
4ca726,1583478839,RYR62UA ,RYR,FR,Ryanair,1583476570,EGCC,EIDW,81,1,881,291,1,1330
040143,1583478764,ETH728  ,ETH,ET,Ethiopian Airlines,1583475450,EGCC,EBMB,81,1,938,168,2,422
a86e6c,1583478441,UAL81   ,UAL,UA,United Airlines,1583456156,EGCC,KEWR,81,1,941,177,1,2732
3c56ef,1583478149,EWG1AR  ,EWG,EW,Eurowings,1583474212,EGCC,EDDL,89,1,355,206,0,720
4ca2a7,1583477931,RYR3239 ,RYR,FR,Ryanair,1583474603,EGCC,EBCI,81,1,313,262,2,1123
8964fe,1583477638,ETD49D  ,ETD,EY,Etihad Airways,1583452135,EGCC,,81,1,532,,0,
896479,1583476644,UAE1KM  ,UAE,EK,Emirates,1583449792,EGCC,OMDB,81,1,14,18,0,1131
40787a,1583476167,TOM119  ,TOM,BY,Thomsonfly,1583448982,EGCC,MDPC,89,1,472,366,0,4890
789218,1583475411,CPA219  ,CPA,CX,Cathay Pacific,1583430713,EGCC,VHHH,89,1,924,46,0,912
4008f9,1583475116,VIR75L  ,VIR,VS,Virgin Atlantic Airways,1583405893,EGCC,EGCC,96,1,104,119,0,331
400678,1583473733,VIR128K ,VIR,VS,Virgin Atlantic Airways,1583453235,EGCC,KJFK,89,1,922,392,0,4628
06a1c0,1583472227,QTR3GV  ,QTR,QR,Qatar Airways,1583447694,EGCC,OTHH,96,1,941,34,1,1587
ad9302,1583471178,FDX5204 ,FDX,FX,Federal Express,1583469960,EGCC,EGBB,104,1,451,456,0,1817
40787b,1583469352,TOM159  ,TOM,BY,Thomsonfly,1583458219,EGCC,,96,1,709,,0,
4076dd,1583459126,EXS18N  ,EXS,LS,Jet2.com,1583445903,EGCC,,104,1,667,,0,
4ca7b7,1583454299,RYR2UN  ,RYR,FR,Ryanair,1583447057,EGCC,LEMD,112,1,294,107,1,5119
40768b,1583452976,EZY83KB ,EZY,U2,easyJet,1583437964,EGCC,,112,1,479,,0,
406d92,1583452798,EZY1828 ,EZY,U2,easyJet,1583434699,EGCC,LLBG,112,1,38,728,1,6552
406471,1583452129,TOM733  ,TOM,BY,Thomsonfly,1583440365,EGCC,,119,1,1182,,0,
40690d,1583451367,EZY24NA ,EZY,U2,easyJet,1583439240,EGCC,,119,1,600,,0,
4ca8d8,1583450034,RYR5EU  ,RYR,FR,Ryanair,1583441662,EGCC,LEZL,119,1,685,209,1,1744
3c65d8,1583449817,DLH4TW  ,DLH,LH,Lufthansa,1583443503,EGCC,EDDM,119,1,677,156,0,777
406fd8,1583449281,EZY16KQ ,EZY,U2,easyJet,1583444001,EGCC,LSGG,119,1,491,194,1,119
4ca7b4,1583449056,RYR11XB ,RYR,FR,Ryanair,1583441092,EGCC,,104,1,7,,0,
3c658b,1583447157,DLH9CK  ,DLH,LH,Lufthansa,1583442063,EGCC,EDDF,112,1,272,209,1,1605
4ca256,1583446755,RYR694C ,RYR,FR,Ryanair,1583439660,EGCC,LEBL,119,1,480,1657,0,13407
4074b8,1583446687,EZY94VG ,EZY,U2,easyJet,1583439731,EGCC,LKPR,127,1,670,328,2,1787
400d90,1583446511,EZY69ME ,EZY,U2,easyJet,1583440882,EGCC,EKCH,119,1,487,170,0,3403
392af8,1583446169,AFR65LP ,AFR,AF,Air France,1583442622,EGCC,LFPG,119,1,955,337,2,2333
4074b6,1583445931,EZY63CG ,EZY,U2,easyJet,1583434980,EGCC,,104,1,258,,0,
4ca765,1583445796,RYR100A ,RYR,FR,Ryanair,1583439154,EGCC,LKPR,119,1,388,313,2,2064
484442,1583445131,KLM59W  ,KLM,KL,KLM Royal Dutch Airlines,1583441440,EGCC,EHAM,96,1,794,201,0,785
400d8c,1583444955,EZY85WE ,EZY,U2,easyJet,1583439708,EGCC,LSZM,127,1,650,172,1,1176
40622b,1583444814,EZY36UA ,EZY,U2,easyJet,1583438958,EGCC,EDDT,119,1,468,244,0,1227
44cdca,1583444293,BEL2UQ  ,BEL,,,1583440540,EGCC,EBBR,119,1,411,225,2,309
40772d,1583443599,EZY13VR ,EZY,U2,easyJet,1583440447,EGCC,EHAM,127,1,685,193,0,4220
407835,1583443396,EZY31MC ,EZY,U2,easyJet,1583441371,EGCC,EGAA,127,1,515,665,0,3539
4ca251,1583442508,RYR768E ,RYR,FR,Ryanair,1583440410,EGCC,EIDW,127,1,702,299,2,1880
406668,1583441217,EZY28MB ,EZY,U2,easyJet,1583437502,EGCC,LFPG,127,1,668,360,3,1887
4010ee,1583440989,EZY14ET ,EZY,U2,easyJet,1583432974,EGCC,LEPA,127,1,514,45,1,655
4caada,1583440739,STK328M ,STK,,Aeropac,1583438345,EGCC,EIDW,119,1,687,215,1,720
4070ef,1583439906,EXS041A ,EXS,LS,Jet2.com,1583438764,EGCC,EGNX,127,1,610,127,0,353
400fe2,1583439707,EZY67CN ,EZY,U2,easyJet,1583431463,EGCC,EPKK,119,1,534,421,0,2687
40788c,1583439327,AUR78B  ,AUR,GR,Aurigny Air Services,1583435074,EGCC,,119,1,585,,0,
400e4e,1583439068,EXS74X  ,EXS,LS,Jet2.com,1583426773,EGCC,,119,1,259,,0,
4062d5,1583438910,EXS3WT  ,EXS,LS,Jet2.com,1583426665,EGCC,,127,1,639,,0,
407180,1583438683,EXS78Y  ,EXS,LS,Jet2.com,1583426053,EGCC,,127,1,637,,0,
484cb6,1583438188,KLM89S  ,KLM,KL,KLM Royal Dutch Airlines,1583433934,EGCC,EHAM,119,1,865,193,0,1167
760918,1583438089,PIA701  ,PIA,PK,Pakistan International Airlines,1583398056,EGCC,,538,1,11419,,0,
4caaeb,1583438037,STK728C ,STK,,Aeropac,1583434368,EGCC,EICK,96,1,3114,235,0,904
4ca740,1583437318,RYR7BK  ,RYR,FR,Ryanair,1583429167,EGCC,LPPT,173,1,4507,198,2,1055
4ca281,1583437138,EIN21KX ,EIN,EI,Aer Lingus,1583434854,EGCC,EIDW,119,1,199,223,1,1089
06a0a8,1583437048,QTR4FE  ,QTR,QR,Qatar Airways,1583411792,EGCC,OTHH,119,1,194,34,1,1779
48c22e,1583436689,RYR82JL ,RYR,FR,Ryanair,1583427495,EGCC,LHBP,104,1,3155,115,0,2783
4076da,1583436509,EXS88L  ,EXS,LS,Jet2.com,1583429890,EGCC,LKPR,180,1,4704,267,2,2965
400437,1583436090,EXS9GR  ,EXS,LS,Jet2.com,1583424052,EGCC,,127,1,363,,0,
4008b1,1583435406,SHT2K   ,SHT,,British Airways Shuttle,1583433198,EGCC,EGLL,127,1,315,218,3,841
3c5ee7,1583434049,EWG47U  ,EWG,EW,Eurowings,1583429531,EGCC,EDDL,127,1,206,206,0,911
4ca704,1583433978,RYR84SP ,RYR,FR,Ryanair,1583425822,EGCC,LZIB,195,1,4768,461,0,2620
4ca645,1583433632,RYR9GD  ,RYR,FR,Ryanair,1583426723,EGCC,LIME,195,1,4909,394,1,1508
345644,1583433449,VLG75DW ,VLG,VY,Vueling Airlines,1583426319,EGCC,LEBL,127,1,407,1276,0,10347
4009dd,1583433116,TOM2TJ  ,TOM,BY,Thomsonfly,1583420791,EGCC,,127,1,308,,0,
4066b9,1583432796,EXS8CS  ,EXS,LS,Jet2.com,1583423018,EGCC,,119,1,277,,0,
407534,1583432699,SHT2G   ,SHT,,British Airways Shuttle,1583430603,EGCC,EGLL,127,1,412,218,3,644
896483,1583432195,UAE3PG  ,UAE,EK,Emirates,1583404988,EGCC,OMDB,127,1,205,11,0,1324
70c0ce,1583431941,OMA105  ,OMA,WY,Oman Air,1583404997,EGCC,,127,1,202,,0,
4b16b9,1583431409,SWR31V  ,SWR,LX,Swiss International Air Lines,1583425503,EGCC,LSZH,127,1,205,162,1,1186
70209e,1583431169,BBC007  ,BBC,BG,Biman Bangladesh Airlines,1583392342,EGCC,VGTJ,119,1,449,1006,2,3843
4ac9f8,1583430599,SAS2549 ,SAS,SK,Scandinavian Airlines System,1583422833,EGCC,ESSA,150,1,3878,285,0,1427
4cacb6,1583430588,SAS541  ,SAS,SK,Scandinavian Airlines System,1583424527,EGCC,EKCH,127,1,213,101,0,907
406fd8,1583429606,EZY42VQ ,EZY,U2,easyJet,1583425339,EGCC,EHAM,127,1,254,193,0,1160
40772d,1583429397,EZY91PQ ,EZY,U2,easyJet,1583422932,EGCC,EDDM,127,1,213,148,0,1452
400d90,1583428559,EZY26QT ,EZY,U2,easyJet,1583425540,EGCC,,127,1,217,,0,
407835,1583428019,EZY62UJ ,EZY,U2,easyJet,1583414070,EGCC,,135,1,404,,0,
461f31,1583427833,FIN5SK  ,FIN,AY,Finnair,1583417433,EGCC,EFHK,135,1,204,105,1,642
3c66b4,1583427609,DLH1HH  ,DLH,LH,Lufthansa,1583422141,EGCC,EDDF,127,1,239,178,1,1444
400d8c,1583427389,EZY47KU ,EZY,U2,easyJet,1583422060,EGCC,EDDH,127,1,282,136,0,1507
4074b7,1583427147,EZY25NB ,EZY,U2,easyJet,1583425075,EGCC,EGAA,135,1,389,687,0,3732
3c6598,1583427073,DLH5JF  ,DLH,LH,Lufthansa,1583419959,EGCC,EDDM,127,1,205,133,0,815
4ca4e6,1583426245,RYR1ZR  ,RYR,FR,Ryanair,1583424368,EGCC,EIDW,96,1,2247,299,2,1658
40702e,1583425794,EXS8DK  ,EXS,LS,Jet2.com,1583416958,EGCC,LPFR,188,1,4596,15,0,1994
4841a6,1583425617,KLM1079 ,KLM,KL,KLM Royal Dutch Airlines,1583421881,EGCC,EHAM,135,1,267,186,0,1667
406668,1583425611,EZY12DH ,EZY,U2,easyJet,1583417670,EGCC,LIPZ,135,1,400,180,1,726
44ce6a,1583425589,BEL177  ,BEL,,,1583422024,EGCC,EBBR,188,1,4431,202,2,273
4ca765,1583425227,RYR2WF  ,RYR,FR,Ryanair,1583419745,EGCC,,150,1,3941,,0,
4ca281,1583425187,EIN2GA  ,EIN,EI,Aer Lingus,1583423114,EGCC,EIDW,135,1,243,261,1,1267
406a63,1583424574,EXS4TQ  ,EXS,LS,Jet2.com,1583415090,EGCC,LHBP,112,1,7,176,0,4271
400a25,1583424529,SHT2P   ,SHT,,British Airways Shuttle,1583422393,EGCC,EGLL,135,1,502,249,3,789
4ca4e8,1583424183,RYR740X ,RYR,FR,Ryanair,1583419425,EGCC,,112,1,28,,0,
4caaeb,1583424081,STK26CM ,STK,,Aeropac,1583420155,EGCC,EICK,112,1,305,273,0,1225
4bb26c,1583423157,THY5DC  ,THY,TK,Turkish Airlines,1583409423,EGCC,,135,1,759,,0,
4cafc2,1583422758,RYR84AA ,RYR,FR,Ryanair,1583409420,EGCC,,127,1,486,,0,
406ae8,1583422643,TOM71A  ,TOM,BY,Thomsonfly,1583409563,EGCC,,127,1,316,,0,
40788c,1583422395,AUR102P ,AUR,GR,Aurigny Air Services,1583419456,EGCC,EGHI,119,1,950,390,0,859
40622b,1583422078,EZY39WM ,EZY,U2,easyJet,1583410210,EGCC,LMML,135,1,699,22,0,1084
407031,1583421804,EXS2ZP  ,EXS,LS,Jet2.com,1583413215,EGCC,LEMG,119,1,1003,31,0,1464
4075af,1583421726,EXS79E  ,EXS,LS,Jet2.com,1583412635,EGCC,LIRF,135,1,286,224,0,976
4ca256,1583420951,RYR4097 ,RYR,FR,Ryanair,1583411511,EGCC,EVRA,135,1,730,217,1,1571
4074b8,1583420249,EZY21XA ,EZY,U2,easyJet,1583408803,EGCC,,135,1,730,,0,
3c5ee2,1583420123,EWG9XG  ,EWG,EW,Eurowings,1583415650,EGCC,EDDL,142,1,704,176,0,691
400e4a,1583419712,EXS59ED ,EXS,LS,Jet2.com,1583412642,EGCC,LEBL,135,1,590,918,0,9911
407183,1583419541,EXS5D   ,EXS,LS,Jet2.com,1583410757,EGCC,EPKK,119,1,534,475,0,3760
4ca4f5,1583419405,RYR4ME  ,RYR,FR,Ryanair,1583412424,EGCC,LPPR,127,1,285,189,1,1750
4072c8,1583419255,EZY67QT ,EZY,U2,easyJet,1583417266,EGCC,EGAA,135,1,282,604,0,3243
4ca93b,1583418952,RYR562  ,RYR,FR,Ryanair,1583416745,EGCC,EIDW,135,1,662,238,1,1019
4ca8d8,1583418774,RYR41ZC ,RYR,FR,Ryanair,1583408161,EGCC,,135,1,761,,0,
34368e,1583418553,IBS3692 ,IBS,I2,Iberia Express,1583411326,EGCC,LEMD,135,1,734,282,1,6678
40690d,1583418358,EZY54EU ,EZY,U2,easyJet,1583409458,EGCC,LEMG,135,1,720,39,0,619
394c03,1583418138,AFR26TT ,AFR,AF,Air France,1583414784,EGCC,LFPG,127,1,837,375,2,2140
4070ea,1583417858,EXS88J  ,EXS,LS,Jet2.com,1583409303,EGCC,BIKF,135,1,727,466,0,1586
407179,1583417679,EXS8RV  ,EXS,LS,Jet2.com,1583409580,EGCC,LEPA,135,1,652,37,1,870
400b83,1583416887,SHT2V   ,SHT,,British Airways Shuttle,1583414899,EGCC,EGLL,127,1,550,241,3,771
4ca223,1583416437,RYR1HH  ,RYR,FR,Ryanair,1583407517,EGCC,LEMG,135,1,659,39,0,1578
48c122,1583416252,RYR1RV  ,RYR,FR,Ryanair,1583407752,EGCC,EPKT,127,1,1182,184,0,1645
406fd8,1583416101,EZY85VA ,EZY,U2,easyJet,1583407831,EGCC,BIKF,135,1,768,565,0,1034
3c66e6,1583415929,DLH938  ,DLH,LH,Lufthansa,1583410471,EGCC,EDDF,135,1,728,140,1,2415
400fe2,1583415292,EZY37AQ ,EZY,U2,easyJet,1583407451,EGCC,LPPT,135,1,775,129,2,1530
89653e,1583414718,ETD37A  ,ETD,EY,Etihad Airways,1583348199,EGCC,VTBS,127,1,718,585,0,4782
406471,1583414487,TOM82A  ,TOM,BY,Thomsonfly,1583405710,EGCC,LEMG,127,1,273,39,0,1065
400d90,1583414036,EZY24MZ ,EZY,U2,easyJet,1583405593,EGCC,LOWW,135,1,718,53,0,919
4ca640,1583413977,EIN204  ,EIN,EI,Aer Lingus,1583411702,EGCC,EIDW,127,1,204,215,1,884
3c6606,1583413707,DLH3WL  ,DLH,LH,Lufthansa,1583406780,EGCC,EDDM,127,1,284,95,0,797
484b90,1583413557,KLM1075 ,KLM,KL,KLM Royal Dutch Airlines,1583410132,EGCC,EHAM,127,1,761,170,0,1693
4076da,1583413452,EXS81T  ,EXS,LS,Jet2.com,1583407830,EGCC,LSGG,127,1,378,118,1,412
4010ee,1583413336,EZY48PL ,EZY,U2,easyJet,1583404627,EGCC,LPFR,135,1,754,7,0,1498
71002c,1583413109,SVA123  ,SVA,SV,Saudi Arabian Airlines,1583398417,EGCC,,127,1,745,,0,
4074b6,1583412881,EZY53MC ,EZY,U2,easyJet,1583407477,EGCC,LSGG,127,1,374,164,1,9
4ca645,1583412386,RYR26FR ,RYR,FR,Ryanair,1583403007,EGCC,LIRA,127,1,755,0,0,467
406d6f,1583412204,TOM137  ,TOM,BY,Thomsonfly,1583378401,EGCC,,127,1,646,,0,
405fac,1583412106,GCFTZ   ,GCF,,Aeronor,1583408088,EGCC,,173,2,17298,,0,
4ca893,1583411908,RYR63TH ,RYR,FR,Ryanair,1583403575,EGCC,,119,1,421,,0,
4caada,1583411365,STK32D  ,STK,,Aeropac,1583408927,EGCC,EIDW,112,1,556,208,1,482
40768b,1583411271,EZY64RF ,EZY,U2,easyJet,1583403155,EGCC,,127,1,382,,0,
400d8c,1583409956,EZY75UQ ,EZY,U2,easyJet,1583403306,EGCC,,127,1,789,,0,
06a1c0,1583409733,QTR3GC  ,QTR,QR,Qatar Airways,1583384566,EGCC,OTHH,127,1,714,72,1,2092
4d220a,1583409498,RYR30DL ,RYR,FR,Ryanair,1583403001,EGCC,EDDB,127,1,669,66,0,360
3c65cb,1583409208,DLH6CH  ,DLH,LH,Lufthansa,1583402795,EGCC,EDDF,119,1,145,117,1,2332
4ca7b7,1583409080,RYR6SH  ,RYR,FR,Ryanair,1583400953,EGCC,LIPH,127,1,691,119,1,1024
4cae8e,1583408936,SAS4609 ,SAS,SK,Scandinavian Airlines System,1583402641,EGCC,ENGM,119,1,396,1583,0,8810
4400c3,1583408804,AUA463  ,AUA,OS,Austrian Airlines,1583400032,EGCC,LOWW,127,1,382,30,0,1365
400a25,1583408579,SHT2Q   ,SHT,,British Airways Shuttle,1583406457,EGCC,EGLL,127,1,391,241,3,699
4ca704,1583408428,RYR72TM ,RYR,FR,Ryanair,1583401833,EGCC,LIMC,127,1,682,9,2,1414
4072c8,1583408158,EZY95BV ,EZY,U2,easyJet,1583404583,EGCC,LFPG,119,1,384,345,2,1251
4b9062,1583407979,PGT76W  ,PGT,PC,Pegasus Airlines,1583394555,EGCC,LTFJ,119,1,341,407,1,2461
40772d,1583407729,EZY25XC ,EZY,U2,easyJet,1583401621,EGCC,EDDT,119,1,371,214,0,801
495296,1583407662,TAP131P ,TAP,TP,TAP Portugal,1583399524,EGCC,LPPT,112,1,446,206,2,1639
406d92,1583407256,EZY79RW ,EZY,U2,easyJet,1583400722,EGCC,EKCH,119,1,711,78,0,506
40796e,1583407085,EXS5304T,EXS,LS,Jet2.com,1583405086,EGCC,EGAA,112,1,82,1769,0,13564
4ca93b,1583406470,RYR554  ,RYR,FR,Ryanair,1583404421,EGCC,EIDW,119,1,704,299,1,1482
896182,1583405440,UAE17   ,UAE,EK,Emirates,1583378389,EGCC,OMDB,119,1,1166,26,0,1755
4cc27d,1583405059,ICE52T  ,ICE,FI,Icelandair,1583397162,EGCC,BIKF,127,1,725,808,0,1686
406668,1583403471,EZY71VZ ,EZY,U2,easyJet,1583399684,EGCC,EHAM,119,1,209,132,0,2440
44ce6b,1583402920,BEL7TP  ,BEL,,,1583398770,EGCC,EBBR,119,1,308,134,2,187
4baa73,1583402784,THY9XC  ,THY,TK,Turkish Airlines,1583389083,EGCC,,119,1,205,,0,
3c6749,1583402389,DLH1PL  ,DLH,LH,Lufthansa,1583395009,EGCC,EDDM,119,1,209,57,0,1053
484131,1583402098,KLM41R  ,KLM,KL,KLM Royal Dutch Airlines,1583398651,EGCC,EHAM,112,1,876,132,0,5930
76cdab,1583399967,SIA51   ,SIA,SQ,Singapore Airlines,1583371851,EGCC,KIAH,112,1,193,404,0,5407
45ac54,1583399187,SAS161E ,SAS,SK,Scandinavian Airlines System,1583390885,EGCC,ESSA,112,1,202,377,0,1487
40083b,1583399090,SHT2J   ,SHT,,British Airways Shuttle,1583396837,EGCC,EGLL,112,1,543,279,3,972
3cefc0,1583398319,LXG55CE ,LXG,L8,Air Luxor GB,1583395882,EGCC,EGKB,104,1,448,213,0,93
3c644a,1583397409,DLH5HR  ,DLH,LH,Lufthansa,1583391735,EGCC,EDDF,104,1,276,79,1,1077
4caaeb,1583397095,STK2M   ,STK,,Aeropac,1583392878,EGCC,EICK,104,1,830,235,0,979
3991e7,1583397087,AFR55LU ,AFR,AF,Air France,1583393182,EGCC,LFPG,112,1,662,368,2,1309
ab1fa7,1583396981,AAL734  ,AAL,AA,American Airlines,1583375544,EGCC,KPHL,112,1,894,118,3,2179
484f18,1583396029,KLM35N  ,KLM,KL,KLM Royal Dutch Airlines,1583392147,EGCC,EHAM,112,1,918,125,0,1726
40792e,1583395645,SHT2L   ,SHT,,British Airways Shuttle,1583393411,EGCC,EGLL,112,1,344,249,3,650
40782b,1583395617,AUR70B  ,AUR,GR,Aurigny Air Services,1583391679,EGCC,,112,1,3561,,0,
4b17fe,1583395039,SWR33K  ,SWR,LX,Swiss International Air Lines,1583388842,EGCC,LSZH,104,1,204,71,1,1801
400db1,1583394298,EZY130  ,EZY,U2,easyJet,1583391929,EGCC,EGAA,112,1,208,665,0,4240
40787a,1583394147,TOM187  ,TOM,BY,Thomsonfly,1583364587,EGCC,,112,1,196,,0,
4ca947,1583394026,EIN2AW  ,EIN,EI,Aer Lingus,1583391813,EGCC,EIDW,104,1,192,291,1,1404
4d2225,1583393398,RYR9XA  ,RYR,FR,Ryanair,1583388624,EGCC,EDDK,96,1,3336,509,1,1651
040187,1583392918,ETH728  ,ETH,ET,Ethiopian Airlines,1583388758,EGCC,EBBR,112,1,160,111,2,942
4ca707,1583392828,RYR62UA ,RYR,FR,Ryanair,1583390857,EGCC,EIDW,127,1,3682,307,1,991
3c6751,1583392319,EWG1AR  ,EWG,EW,Eurowings,1583387722,EGCC,EDDL,112,1,203,153,0,458
40787b,1583392074,TOM139  ,TOM,BY,Thomsonfly,1583368140,EGCC,,112,1,199,,0,
a8bd6a,1583391779,UAL81   ,UAL,UA,United Airlines,1583370284,EGCC,KEWR,112,1,191,162,1,1748
4ca9d4,1583391768,RYR3239 ,RYR,FR,Ryanair,1583387983,EGCC,EBCI,89,1,2304,231,2,1276
896482,1583390789,UAE1KM  ,UAE,EK,Emirates,1583362497,EGCC,OMDB,112,1,413,11,0,750
400678,1583389617,VIR75L  ,VIR,VS,Virgin Atlantic Airways,1583319314,EGCC,EGCC,119,1,719,43,1,286
4075cf,1583389139,VIR128K ,VIR,VS,Virgin Atlantic Airways,1583368515,EGCC,KJFK,112,1,545,422,0,3646
8964fe,1583388830,ETD49D  ,ETD,EY,Etihad Airways,1583321238,EGCC,WMKK,112,1,1077,161,0,4512
06a2b3,1583386467,QTR3GV  ,QTR,QR,Qatar Airways,1583361595,EGCC,OTHH,119,1,691,126,1,2443
acad76,1583385056,FDX5204 ,FDX,FX,Federal Express,1583383854,EGCC,EGBB,104,1,34,372,0,778
407835,1583366456,EZY1976 ,EZY,U2,easyJet,1583351127,EGCC,,74,1,278,,0,
406471,1583365353,TOM503  ,TOM,BY,Thomsonfly,1583350688,EGCC,,74,1,274,,0,
406fd8,1583364544,EZY41DM ,EZY,U2,easyJet,1583351326,EGCC,,74,1,214,,0,
406ae8,1583364094,TOM249  ,TOM,BY,Thomsonfly,1583348584,EGCC,,74,1,202,,0,
3c6743,1583363166,DLH4TW  ,DLH,LH,Lufthansa,1583356090,EGCC,EDDM,74,1,225,3,0,728
4cafc2,1583362149,RYR84AA ,RYR,FR,Ryanair,1583349318,EGCC,,104,1,399,,0,
406d92,1583361788,EZY34DE ,EZY,U2,easyJet,1583346529,EGCC,,74,1,167,,0,
7608ea,1583360756,PIA701  ,PIA,PK,Pakistan International Airlines,1583313942,EGCC,,66,1,920,,0,
406a50,1583360487,BEE9DV  ,BEE,BE,Flybe,1583355840,EGCC,EDDV,74,1,412,180,0,978
40622b,1583360407,EZY24NA ,EZY,U2,easyJet,1583348791,EGCC,,66,1,442,,0,
3c65c4,1583360250,DLH9CK  ,DLH,LH,Lufthansa,1583354709,EGCC,EDDF,66,1,778,18,1,1413
4ca893,1583360017,RYR4117 ,RYR,FR,Ryanair,1583350775,EGCC,LEMP,81,1,1302,652,0,3416
4074b8,1583359930,EZY69ME ,EZY,U2,easyJet,1583354103,EGCC,EKCH,66,1,46,63,0,732
400d8c,1583359815,EZY85WE ,EZY,U2,easyJet,1583354122,EGCC,LSZM,66,1,513,19,1,2783
4ca7b7,1583359285,RYR100A ,RYR,FR,Ryanair,1583352731,EGCC,LKPR,66,1,1049,229,2,1867
4010ee,1583358716,EZY94VG ,EZY,U2,easyJet,1583352270,EGCC,LKPR,66,1,292,237,2,1914
484162,1583358538,KLM59W  ,KLM,KL,KLM Royal Dutch Airlines,1583354890,EGCC,EHAM,74,1,763,56,0,1718
40772d,1583357783,EZY36UA ,EZY,U2,easyJet,1583352000,EGCC,EDDT,66,1,261,191,0,709
407797,1583357617,EZY1972 ,EZY,U2,easyJet,1583344866,EGCC,,66,1,515,,0,
44cdce,1583357490,BEL2UQ  ,BEL,,,1583353030,EGCC,EBBR,89,1,1450,35,2,190
400fe2,1583357442,EZY92WD ,EZY,U2,easyJet,1583349199,EGCC,LEBL,66,1,245,697,0,5896
400d90,1583357103,EZY13VR ,EZY,U2,easyJet,1583353650,EGCC,EHAM,58,1,299,56,0,1345
40768b,1583356993,EZY28MB ,EZY,U2,easyJet,1583353102,EGCC,LFPG,66,1,183,185,3,1682
4070e8,1583356844,EXS9JF  ,EXS,LS,Jet2.com,1583342476,EGCC,,89,1,1478,,0,
4072b7,1583356714,BEE6AD  ,BEE,BE,Flybe,1583351554,EGCC,EDDL,81,1,1338,46,0,493
4072c8,1583356627,EZY31MC ,EZY,U2,easyJet,1583354404,EGCC,EGAA,66,1,595,626,0,3579
4caa57,1583356076,RYR768E ,RYR,FR,Ryanair,1583353879,EGCC,EIDW,51,1,412,185,1,1466
4ca645,1583355401,RYR8UQ  ,RYR,FR,Ryanair,1583349510,EGCC,ESGG,74,1,1210,356,0,1706
407180,1583355055,EXS8YF  ,EXS,LS,Jet2.com,1583340647,EGCC,,66,1,1161,,0,
4062d5,1583354336,EXS18N  ,EXS,LS,Jet2.com,1583341336,EGCC,,66,1,48,,0,
406668,1583352867,EZY32JF ,EZY,U2,easyJet,1583346952,EGCC,LSGG,58,1,84,42,1,11
4caad7,1583352596,STK728C ,STK,,Aeropac,1583348587,EGCC,EICK,58,1,859,212,0,1033
400e4e,1583351986,EXS9GR  ,EXS,LS,Jet2.com,1583339002,EGCC,,66,1,826,,0,
4009dd,1583351175,TOM1EJ  ,TOM,BY,Thomsonfly,1583336660,EGCC,,66,1,525,,0,
484b8f,1583350679,KLM89S  ,KLM,KL,KLM Royal Dutch Airlines,1583347650,EGCC,EHAM,58,1,100,71,0,1665
06a0b5,1583350378,QTR4FE  ,QTR,QR,Qatar Airways,1583325030,EGCC,OTHH,51,1,942,42,1,2023
4ca281,1583350288,EIN21KX ,EIN,EI,Aer Lingus,1583348062,EGCC,EIDW,58,1,484,200,1,1367
401152,1583350092,BEE4JB  ,BEE,BE,Flybe,1583348395,EGCC,EGNS,74,1,734,60,0,85
4074b6,1583349425,EZY21DZ ,EZY,U2,easyJet,1583339862,EGCC,,58,1,512,,0,
40753b,1583349038,VCG3EG  ,VCG,,,1583342751,EGCC,,58,1,1104,,0,
400afe,1583348919,SHT2K   ,SHT,,British Airways Shuttle,1583346900,EGCC,EGLL,58,1,411,111,3,669
48c224,1583348035,RYR25SY ,RYR,FR,Ryanair,1583340020,EGCC,EPKK,58,1,58,467,0,3628
346186,1583348002,VLG75DW ,VLG,VY,Vueling Airlines,1583339640,EGCC,LEBL,66,1,919,636,0,5151
3991e7,1583347936,AFR65LP ,AFR,AF,Air France,1583343773,EGCC,LFPG,58,1,751,200,2,2188
4ca704,1583347845,RYR9GD  ,RYR,FR,Ryanair,1583340736,EGCC,LIME,74,1,1328,424,1,2676
40782b,1583347348,AUR78B  ,AUR,GR,Aurigny Air Services,1583343076,EGCC,,66,1,940,,0,
3c5ee6,1583347288,EWG47U  ,EWG,EW,Eurowings,1583343131,EGCC,EDDL,58,1,498,31,0,811
400e51,1583346801,SHT2G   ,SHT,,British Airways Shuttle,1583344908,EGCC,EGLL,58,1,913,142,3,831
89647b,1583346509,UAE3PG  ,UAE,EK,Emirates,1583318103,EGCC,OMDB,51,1,936,11,0,863
4076da,1583345953,EXS050B ,EXS,LS,Jet2.com,1583333370,EGCC,EGCC,58,1,1082,58,1,277
4cacb5,1583345849,SAS541  ,SAS,SK,Scandinavian Airlines System,1583340120,EGCC,EKCH,58,1,307,63,0,910
461f38,1583345712,FIN5SK  ,FIN,AY,Finnair,1583336253,EGCC,EFHK,58,1,146,67,1,1428
70c0fe,1583345601,OMA105  ,OMA,WY,Oman Air,1583318993,EGCC,,58,1,637,,0,
4ca88e,1583345414,RYR5CE  ,RYR,FR,Ryanair,1583343290,EGCC,EIDW,43,1,247,170,1,1037
407183,1583345210,EXS3WT  ,EXS,LS,Jet2.com,1583332192,EGCC,,74,1,1368,,0,
4b1613,1583344798,SWR31V  ,SWR,LX,Swiss International Air Lines,1583338380,EGCC,LSZH,58,1,71,2,1,1129
4ac9ed,1583344552,SAS2549 ,SAS,SK,Scandinavian Airlines System,1583336724,EGCC,ESSA,58,1,942,308,0,812
406a50,1583344431,BEE7KP  ,BEE,BE,Flybe,1583340941,EGCC,EHAM,66,1,703,41,0,1615
405e24,1583343709,TOM4AD  ,TOM,BY,Thomsonfly,1583331242,EGCC,,81,1,1443,,0,
4ca8e6,1583343507,RYR20CH ,RYR,FR,Ryanair,1583339610,EGCC,,74,1,1364,,0,
4ca7b3,1583343385,RYR3239 ,RYR,FR,Ryanair,1583339783,EGCC,EBCI,58,1,646,110,2,915
407031,1583343015,EXS932  ,EXS,LS,Jet2.com,1583330628,EGCC,,112,1,2141,,0,
400d8c,1583342398,EZY86KA ,EZY,U2,easyJet,1583337626,EGCC,EDDH,58,1,491,67,0,1468
4072c8,1583341910,EZY62UJ ,EZY,U2,easyJet,1583328669,EGCC,,58,1,476,,0,
3c658e,1583341302,DLH1HH  ,DLH,LH,Lufthansa,1583335748,EGCC,EDDF,58,1,488,10,1,2177
4070e5,1583341108,EXS8CS  ,EXS,LS,Jet2.com,1583331575,EGCC,,74,1,1338,,0,
4072b7,1583340868,BEE649B ,BEE,BE,Flybe,1583335856,EGCC,LFPG,74,1,1172,177,3,1265
4caa53,1583340861,BEE9KC  ,BEE,BE,Flybe,1583338140,EGCC,EGAC,58,1,422,650,1,4156
400f4c,1583340705,EXS051B ,EXS,LS,Jet2.com,1583339690,EGCC,EGCC,66,1,93,66,1,288
4d222d,1583340267,RYR83UU ,RYR,FR,Ryanair,1583334693,EGCC,LFBD,58,1,694,72,0,228
3c6590,1583340194,DLH5JF  ,DLH,LH,Lufthansa,1583333492,EGCC,EDDM,58,1,497,3,0,879
44004a,1583340012,AOJ53P  ,AOJ,,,1583329407,EGCC,LEPA,81,1,1258,38,1,1655
44ce64,1583339368,BEL177  ,BEL,,,1583336048,EGCC,EBMB,58,1,727,46,2,453
43ea45,1583339056,MDMBP   ,MDM,,Medavia Company,1583337041,EGCC,EIDW,81,1,1292,185,1,531
4ca281,1583338756,EIN2GA  ,EIN,EI,Aer Lingus,1583336626,EGCC,EIDW,58,1,490,208,1,1293
48418c,1583338436,KLM1079 ,KLM,KL,KLM Royal Dutch Airlines,1583335239,EGCC,EHAM,58,1,978,49,0,1586
40772d,1583338348,EZY87XQ ,EZY,U2,easyJet,1583325154,EGCC,LGAV,66,1,439,1536,0,10669
40087c,1583338258,SHT2P   ,SHT,,British Airways Shuttle,1583336327,EGCC,EGLL,66,1,455,134,3,776
40100a,1583337369,BEE1KM  ,BEE,BE,Flybe,1583334911,EGCC,EGPH,74,1,1195,118,0,446
40768b,1583337313,EZY47WJ ,EZY,U2,easyJet,1583325764,EGCC,,58,1,482,,0,
4075af,1583336371,EXS22EF ,EXS,LS,Jet2.com,1583326397,EGCC,,81,1,1180,,0,
406f9a,1583336235,BEE4RC  ,BEE,BE,Flybe,1583333943,EGCC,EGAC,66,1,299,650,1,5151
4ca7b7,1583336082,RYR399H ,RYR,FR,Ryanair,1583332314,EGCC,EHEH,58,1,452,297,0,1939
4bb26a,1583335398,THY5DC  ,THY,TK,Turkish Airlines,1583322698,EGCC,,58,1,496,,0,
4074b8,1583334026,EZY53MC ,EZY,U2,easyJet,1583328376,EGCC,LSGG,58,1,186,42,1,86
3c48f0,1583333798,EWG9XG  ,EWG,EW,Eurowings,1583329566,EGCC,EDDL,58,1,876,69,0,429
3cf106,1583332558,JCL1    ,JCL,,,1583324083,EGCC,LDZA,66,1,643,67,1,618
4ca893,1583332408,RYR638C ,RYR,FR,Ryanair,1583321261,EGCC,,43,1,392,,0,
4ca2db,1583332281,RYR562  ,RYR,FR,Ryanair,1583330143,EGCC,EIDW,51,1,584,231,2,1722
4010ee,1583332108,EZY21XA ,EZY,U2,easyJet,1583321416,EGCC,,51,1,123,,0,
400d90,1583330837,EZY67QT ,EZY,U2,easyJet,1583328646,EGCC,EGAA,51,1,475,512,0,3337
400877,1583330616,SHT2V   ,SHT,,British Airways Shuttle,1583328649,EGCC,EGLL,58,1,196,149,2,1087
401153,1583330411,BEE3DY  ,BEE,BE,Flybe,1583326550,EGCC,EHAM,74,1,1266,64,0,1351
392af2,1583330151,AFR26TT ,AFR,AF,Air France,1583326060,EGCC,LFPG,51,1,757,147,2,2050
4caa53,1583329747,BEE4CB  ,BEE,BE,Flybe,1583327845,EGCC,EGNS,43,1,663,45,0,316
406668,1583329674,EZY85VA ,EZY,U2,easyJet,1583321682,EGCC,BIKF,51,1,494,328,0,1062
440237,1583329463,EJU97EA ,EJU,,,1583322730,EGCC,LIMC,51,1,213,2,2,1640
3c648d,1583329227,DLH938  ,DLH,LH,Lufthansa,1583324010,EGCC,EDDF,58,1,153,10,1,2144
406d9a,1583328476,BEE74D  ,BEE,BE,Flybe,1583323713,EGCC,EDDL,66,1,857,23,0,722
89653d,1583328050,ETD37A  ,ETD,EY,Etihad Airways,1583301730,EGCC,,43,1,942,,0,
40622b,1583327888,EZY56QC ,EZY,U2,easyJet,1583320032,EGCC,,51,1,493,,0,
4ca4e8,1583327687,RYR7BK  ,RYR,FR,Ryanair,1583319094,EGCC,LPPT,119,1,2193,114,1,2703
4ca213,1583326945,EIN204  ,EIN,EI,Aer Lingus,1583324719,EGCC,EIDW,51,1,219,170,1,1058
3c6624,1583326735,DLH3WL  ,DLH,LH,Lufthansa,1583320238,EGCC,EDDM,43,1,631,3,0,1121
4076da,1583326693,,,,,,EGCC,,43,1,572,,0,
71002b,1583326664,SVA123  ,SVA,SV,Saudi Arabian Airlines,1583312361,EGCC,,43,1,941,,0,
400fe2,1583326345,EZY54EU ,EZY,U2,easyJet,1583316273,EGCC,LEMG,43,1,51,84,0,536
4ca704,1583326122,RYR63TH ,RYR,FR,Ryanair,1583316772,EGCC,,43,1,490,,0,
484cb7,1583325568,KLM1075 ,KLM,KL,KLM Royal Dutch Airlines,1583322188,EGCC,EHAM,43,1,1153,26,0,1528
407835,1583325505,EZY64RF ,EZY,U2,easyJet,1583316124,EGCC,,43,1,458,,0,
40796e,1583325378,EXS5306 ,EXS,LS,Jet2.com,1583323831,EGCC,EGNT,43,1,717,879,0,4705
4ca645,1583324675,RYR26FR ,RYR,FR,Ryanair,1583315357,EGCC,LIRA,51,1,805,14,0,490
4cafc2,1583324262,RYR53PP ,RYR,FR,Ryanair,1583315382,EGCC,EPRZ,35,1,525,68,1,1187
4cafce,1583323666,SAS4609 ,SAS,SK,Scandinavian Airlines System,1583317851,EGCC,ENGM,43,1,4,1423,0,8975
4aca13,1583323485,NAX1348 ,NAX,DY,Norwegian Air Shuttle,1583317516,EGCC,ENGM,35,1,672,1491,0,9921
4ca7b7,1583323222,RYR694C ,RYR,FR,Ryanair,1583314794,EGCC,LEBL,43,1,461,1520,0,14618
4d220a,1583322777,RYR30DL ,RYR,FR,Ryanair,1583316785,EGCC,EDDB,28,1,295,28,0,367
06a2b2,1583322658,QTR3GC  ,QTR,QR,Qatar Airways,1583297828,EGCC,OTHH,43,1,937,3,1,1395
406fd8,1583322404,EZY91PQ ,EZY,U2,easyJet,1583315101,EGCC,EDDM,43,1,371,11,0,233
400d8c,1583322236,EZY76HR ,EZY,U2,easyJet,1583316120,EGCC,,43,1,500,,0,
40087a,1583321967,SHT2Q   ,SHT,,British Airways Shuttle,1583320068,EGCC,EGLL,43,1,486,73,3,669
440829,1583321639,AUA463  ,AUA,OS,Austrian Airlines,1583313781,EGCC,LOWW,43,1,573,7,0,67
4068a1,1583320885,GCHSS   ,GCH,,,1583318361,EGCC,EGCB,348,0,21866,221,0,4084
4b8c6a,1583320672,PGT76W  ,PGT,PC,Pegasus Airlines,1583307271,EGCC,LTFJ,28,1,444,362,1,3106
4ca8e6,1583320537,RYR2RR  ,RYR,FR,Ryanair,1583317597,EGCC,EINN,43,1,842,397,1,3434
4caa57,1583320122,RYR554  ,RYR,FR,Ryanair,1583317755,EGCC,EIDW,35,1,670,192,1,1346
4ca6b2,1583319959,STK32D  ,STK,,Aeropac,1583317170,EGCC,EIDW,35,1,891,139,1,505
4caa53,1583319672,BEE8EP  ,BEE,BE,Flybe,1583317667,EGCC,EGNS,35,1,679,45,0,515
4074b6,1583319382,EZY25XC ,EZY,U2,easyJet,1583313601,EGCC,EDDT,43,1,61,153,0,472
896184,1583319112,UAE17   ,UAE,EK,Emirates,1583293134,EGCC,,20,1,560,,0,
400d90,1583318245,EZY95BV ,EZY,U2,easyJet,1583314455,EGCC,LFPG,35,1,498,10,3,1933
44d071,1583317670,BEL7TP  ,BEL,,,1583313816,EGCC,EBMB,35,1,707,15,2,703
4951d2,1583317642,TAP131P ,TAP,TP,TAP Portugal,1583308205,EGCC,LPPT,35,1,500,160,1,2623
4cc267,1583316926,ICE52T  ,ICE,FI,Icelandair,1583309407,EGCC,BIKF,43,1,305,557,0,1959
4074b8,1583316026,EZY71VZ ,EZY,U2,easyJet,1583312610,EGCC,EHAM,43,1,471,79,0,1727
406a50,1583315758,BEE4NC  ,BEE,BE,Flybe,1583311776,EGCC,LFPG,35,1,485,48,2,2158
3c6743,1583315394,DLH1PL  ,DLH,LH,Lufthansa,1583308441,EGCC,EDDM,43,1,344,11,0,834
484ee5,1583315268,KLM41R  ,KLM,KL,KLM Royal Dutch Airlines,1583311652,EGCC,EHAM,43,1,757,41,0,1706
4bb261,1583315209,THY9XC  ,THY,TK,Turkish Airlines,1583302354,EGCC,,43,1,573,,0,
401153,1583314852,BEE5CF  ,BEE,BE,Flybe,1583311291,EGCC,,51,1,1105,,0,
acb94b,1583314588,N919NE  ,N91,,,1583311481,EGCC,EBOS,43,1,959,803,0,2187
4d2271,1583314414,RYR83QM ,RYR,FR,Ryanair,1583301759,EGCC,LMML,43,1,966,1562,0,9176
45ac4b,1583313537,SAS42B  ,SAS,SK,Scandinavian Airlines System,1583307277,EGCC,EKCH,35,1,491,71,0,911
461f63,1583312878,FIN6EN  ,FIN,AY,Finnair,1583302870,EGCC,EFHK,43,1,595,14,1,768
4ca257,1583312099,RYR1HH  ,RYR,FR,Ryanair,1583301884,EGCC,LEMG,43,1,1071,69,0,14
400e51,1583311855,SHT2J   ,SHT,,British Airways Shuttle,1583309965,EGCC,EGLL,43,1,485,127,3,912
47839d,1583311700,SAS161E ,SAS,SK,Scandinavian Airlines System,1583304013,EGCC,ESSA,35,1,496,491,0,4766
76cdb4,1583311221,SIA51   ,SIA,SQ,Singapore Airlines,1583283283,EGCC,KIAH,35,1,805,397,0,3554
3c6654,1583311073,DLH5HR  ,DLH,LH,Lufthansa,1583305515,EGCC,EDDF,43,1,342,3,1,1346
4008f9,1583310656,VIR809P ,VIR,VS,Virgin Atlantic Airways,1583308486,EGCC,EGKK,43,1,463,288,1,2571
485a32,1583309519,KLM35N  ,KLM,KL,KLM Royal Dutch Airlines,1583305987,EGCC,EHAM,43,1,756,41,0,1541
4caaeb,1583309506,STK2M   ,STK,,Aeropac,1583305551,EGCC,EICK,35,1,463,540,0,2708
40782b,1583309086,AUR70B  ,AUR,GR,Aurigny Air Services,1583304826,EGCC,,43,1,1082,,0,
406d6f,1583308858,TOM169  ,TOM,BY,Thomsonfly,1583281362,EGCC,,43,1,261,,0,
400960,1583308615,SHT2L   ,SHT,,British Airways Shuttle,1583306623,EGCC,EGLL,43,1,112,104,3,653
3991e6,1583308558,AFR55LU ,AFR,AF,Air France,1583304286,EGCC,LFPG,35,1,919,131,2,2029
4b17e5,1583308409,SWR33K  ,SWR,LX,Swiss International Air Lines,1583301914,EGCC,LSZH,35,1,41,27,1,1650
76cdab,1583308014,SIA52   ,SIA,SQ,Singapore Airlines,1583261683,EGCC,,35,1,925,,0,
4caa53,1583307749,BEE1TH  ,BEE,BE,Flybe,1583305941,EGCC,EGNS,35,1,670,45,0,38
4074b7,1583307689,EZY130  ,EZY,U2,easyJet,1583305491,EGCC,EGAA,35,1,475,657,0,3610
4ca281,1583307264,EIN2AW  ,EIN,EI,Aer Lingus,1583304898,EGCC,EIDW,43,1,86,231,1,2150
3c5ef6,1583306267,EWG1AR  ,EWG,EW,Eurowings,1583301909,EGCC,EDDL,35,1,501,16,0,552
4072b7,1583306085,BEE67M  ,BEE,BE,Flybe,1583303271,EGCC,EGPH,43,1,687,50,0,1456
4ca223,1583305811,RYR62UA ,RYR,FR,Ryanair,1583303837,EGCC,EIDW,66,1,1471,269,1,2835
406d9a,1583304919,BEE1JB  ,BEE,BE,Flybe,1583299915,EGCC,EDDL,51,1,606,39,0,820
a86e6c,1583304355,UAL81   ,UAL,UA,United Airlines,1583282904,EGCC,KEWR,43,1,190,291,1,1702
400678,1583304263,VIR75L  ,VIR,VS,Virgin Atlantic Airways,1583232668,EGCC,EGCC,35,1,486,127,1,273
896479,1583303693,UAE1KM  ,UAE,EK,Emirates,1583243508,EGCC,VTBS,35,1,813,768,0,9679
8964ff,1583301929,ETD49D  ,ETD,EY,Etihad Airways,1583276197,EGCC,,35,1,938,,0,
40787b,1583301104,TOM165  ,TOM,BY,Thomsonfly,1583279059,EGCC,,35,1,21,,0,
06a076,1583299942,QTR3GV  ,QTR,QR,Qatar Airways,1583274888,EGCC,OTHH,35,1,941,26,1,1588
aca9bf,1583299612,FDX5204 ,FDX,FX,Federal Express,1583298393,EGCC,EGBB,43,1,105,273,0,1758
4075cf,1583299079,VIR128K ,VIR,VS,Virgin Atlantic Airways,1583278148,EGCC,KJFK,35,1,881,582,0,3498
407797,1583282306,EZY94LX ,EZY,U2,easyJet,1583267495,EGCC,,35,1,191,,0,
4ca893,1583279543,RYR11XB ,RYR,FR,Ryanair,1583268238,EGCC,,43,1,623,,0,
406ae8,1583278040,TOM53B  ,TOM,BY,Thomsonfly,1583264430,EGCC,,35,1,225,,0,
40772d,1583277276,EZY1972 ,EZY,U2,easyJet,1583262409,EGCC,GCRR,35,1,242,397,0,2672
4cafc2,1583276648,RYR84AA ,RYR,FR,Ryanair,1583262662,EGCC,,81,1,383,,0,
3c674e,1583276543,DLH4TW  ,DLH,LH,Lufthansa,1583270018,EGCC,EDDM,35,1,205,95,0,1206
4ca761,1583274971,RYR3AH  ,RYR,FR,Ryanair,1583262833,EGCC,,96,1,501,,0,
3c65d0,1583274420,DLH9CK  ,DLH,LH,Lufthansa,1583268637,EGCC,EDDF,43,1,237,33,1,1346
4072c8,1583274258,EZY47PR ,EZY,U2,easyJet,1583260726,EGCC,,43,1,145,,0,
400d8c,1583274114,EZY69ME ,EZY,U2,easyJet,1583268523,EGCC,EKCH,35,1,298,93,0,481
40768b,1583273692,EZY24NA ,EZY,U2,easyJet,1583260957,EGCC,,35,1,54,,0,
40622b,1583273561,EZY56KY ,EZY,U2,easyJet,1583265870,EGCC,BIKF,35,1,293,366,0,1596
4ca804,1583273386,RYR694C ,RYR,FR,Ryanair,1583264854,EGCC,LEBL,66,1,1449,834,0,5544
4ca704,1583272492,RYR100A ,RYR,FR,Ryanair,1583265882,EGCC,LKPR,58,1,1376,359,2,1920
406668,1583272254,EZY94VG ,EZY,U2,easyJet,1583265981,EGCC,LKPR,43,1,131,298,1,1744
484442,1583272029,KLM59W  ,KLM,KL,KLM Royal Dutch Airlines,1583268670,EGCC,EHAM,43,1,766,71,0,1526
4074b8,1583271596,EZY36UA ,EZY,U2,easyJet,1583265831,EGCC,EDDT,35,1,41,183,0,635
400d90,1583271413,EZY13VR ,EZY,U2,easyJet,1583268150,EGCC,EHAM,35,1,280,56,0,1670
4ca303,1583271171,RYR4TY  ,RYR,FR,Ryanair,1583267448,EGCC,EBCI,66,1,1416,193,2,1375
4074b6,1583271010,EZY31MC ,EZY,U2,easyJet,1583268943,EGCC,EGAA,43,1,298,436,0,2001
44cdc9,1583270652,BEL2UQ  ,BEL,,,1583266873,EGCC,EBMB,43,1,1185,53,2,701
407031,1583270509,EXS4KE  ,EXS,LS,Jet2.com,1583256123,EGCC,,66,1,1525,,0,
407835,1583270067,EZY48PL ,EZY,U2,easyJet,1583259042,EGCC,LPFR,35,1,191,0,0,1623
4ca225,1583269787,RYR768E ,RYR,FR,Ryanair,1583267430,EGCC,EIDW,35,1,868,231,1,1348
4010ee,1583269672,EZY28MB ,EZY,U2,easyJet,1583265785,EGCC,LFPG,43,1,117,131,3,1895
401153,1583269219,BEE6AD  ,BEE,BE,Flybe,1583264100,EGCC,EDDL,58,1,1255,61,0,826
4009dd,1583268900,TOM789  ,TOM,BY,Thomsonfly,1583253932,EGCC,,51,1,899,,0,
4891b5,1583268372,ENT6004 ,ENT,,DAT Enterprise Limited,1583254051,EGCC,,35,1,283,,0,
405e24,1583267827,TOM9PV  ,TOM,BY,Thomsonfly,1583265723,EGCC,EGPH,43,1,789,172,0,261
4070e8,1583267648,EXS78Y  ,EXS,LS,Jet2.com,1583253273,EGCC,,66,1,1306,,0,
4062d5,1583267510,EXS3WT  ,EXS,LS,Jet2.com,1583253450,EGCC,,51,1,97,,0,
4008cf,1583267099,BZE02C  ,BZE,GB,BRAZIL AIR,1583260302,EGCC,,58,1,1079,,0,
06a0c0,1583266848,QTR4FE  ,QTR,QR,Qatar Airways,1583241905,EGCC,OTHH,43,1,500,149,1,1722
4caaeb,1583266541,STK728C ,STK,,Aeropac,1583262475,EGCC,EICK,43,1,595,128,0,802
406fd8,1583266430,EZY32JF ,EZY,U2,easyJet,1583260615,EGCC,LSGG,51,1,138,72,1,210
406d27,1583265947,EXS18N  ,EXS,LS,Jet2.com,1583252124,EGCC,,43,1,284,,0,
484f06,1583264458,KLM89S  ,KLM,KL,KLM Royal Dutch Airlines,1583261252,EGCC,EHAM,51,1,1098,64,0,744
4d219e,1583263942,EMM009  ,EMM,,,1583259980,EGCC,EHAM,96,1,1633,125,0,1791
4ca788,1583263818,EIN21KX ,EIN,EI,Aer Lingus,1583261695,EGCC,EIDW,43,1,941,185,1,907
406f9a,1583262925,BEE4JB  ,BEE,BE,Flybe,1583261134,EGCC,EGNS,58,1,1105,75,0,674
70209e,1583262837,BBC007  ,BBC,BG,Biman Bangladesh Airlines,1583224416,EGCC,VGTJ,51,1,938,876,2,3853
406a3d,1583262654,SHT2K   ,SHT,,British Airways Shuttle,1583260664,EGCC,EGLL,58,1,37,165,2,1404
345043,1583262523,VLG75DW ,VLG,VY,Vueling Airlines,1583254351,EGCC,LEBL,51,1,187,1139,0,10133
401152,1583262396,BEE1MU  ,BEE,BE,Flybe,1583260263,EGCC,EGAC,58,1,1016,780,0,7619
400f4c,1583262056,EXS030F ,EXS,LS,Jet2.com,1583257997,EGCC,EGCC,51,1,492,66,0,179
4ca256,1583261378,RYR9GD  ,RYR,FR,Ryanair,1583254113,EGCC,LIME,66,1,1262,432,1,1376
4ca765,1583261038,RYR9XE  ,RYR,FR,Ryanair,1583251661,EGCC,,66,1,1304,,0,
40782b,1583260729,AUR78B  ,AUR,GR,Aurigny Air Services,1583256225,EGCC,EGJB,51,1,833,1848,0,11618
3c5ef5,1583260634,EWG47U  ,EWG,EW,Eurowings,1583256513,EGCC,EDDL,51,1,497,61,0,637
760916,1583260467,PIA701  ,PIA,PK,Pakistan International Airlines,1583237439,EGCC,,51,1,935,,0,
3991e6,1583260378,AFR65LP ,AFR,AF,Air France,1583256190,EGCC,LFPG,51,1,757,162,2,2189
4010db,1583259896,SHT2G   ,SHT,,British Airways Shuttle,1583257861,EGCC,EGLL,58,1,204,104,2,789
896478,1583259727,UAE3PG  ,UAE,EK,Emirates,1583232401,EGCC,OMDB,35,1,192,26,0,196
70c0cd,1583259027,OMA105  ,OMA,WY,Oman Air,1583232930,EGCC,,58,1,512,,0,
4b028c,1583258307,SWR31V  ,SWR,LX,Swiss International Air Lines,1583251934,EGCC,LSZH,58,1,501,63,1,1057
406a50,1583258121,BEE7KP  ,BEE,BE,Flybe,1583254722,EGCC,EHAM,89,1,1508,79,0,1473
400d90,1583257758,EZY14ET ,EZY,U2,easyJet,1583248181,EGCC,LEPA,58,1,313,37,1,848
45ac34,1583257284,SAS2549 ,SAS,SK,Scandinavian Airlines System,1583249633,EGCC,ESSA,66,1,726,415,0,4400
4cae8e,1583257197,SAS541  ,SAS,SK,Scandinavian Airlines System,1583251625,EGCC,EKCH,58,1,337,109,0,500
4074b5,1583257041,EZY62UJ ,EZY,U2,easyJet,1583243111,EGCC,,66,1,219,,0,
400d8c,1583255960,EZY42VQ ,EZY,U2,easyJet,1583252435,EGCC,EHAM,66,1,494,87,0,917
407731,1583255619,EXS8CS  ,EXS,LS,Jet2.com,1583245771,EGCC,,81,1,1341,,0,
406d92,1583255432,EZY86KA ,EZY,U2,easyJet,1583250846,EGCC,EDDH,66,1,229,98,0,1371
4073d0,1583255301,CLF524S ,CLF,,Bristol Flying Centre,1583250570,EGCC,EDDH,74,1,823,121,0,743
4cace0,1583255032,RYR7BK  ,RYR,FR,Ryanair,1583245290,EGCC,LPPT,51,1,456,145,1,2985
4caa53,1583254949,BEE9KC  ,BEE,BE,Flybe,1583252373,EGCC,EGAC,74,1,996,566,1,3999
48c228,1583254829,RYR3YK  ,RYR,FR,Ryanair,1583247253,EGCC,EPGD,66,1,859,140,0,1589
3c65c4,1583254649,DLH1HH  ,DLH,LH,Lufthansa,1583249614,EGCC,EDDF,74,1,307,71,1,1299
4ca7b4,1583253831,RYR84SP ,RYR,FR,Ryanair,1583245802,EGCC,LZIB,89,1,1319,522,0,3337
44ce6a,1583253719,BEL177  ,BEL,,,1583249228,EGCC,EBBR,81,1,1311,65,2,68
407180,1583253579,EXS8DK  ,EXS,LS,Jet2.com,1583242271,EGCC,LPFR,81,1,1255,98,0,364
3c6633,1583253493,DLH5JF  ,DLH,LH,Lufthansa,1583246583,EGCC,EDDM,74,1,815,72,0,571
4ca223,1583253341,RYR1ZR  ,RYR,FR,Ryanair,1583251218,EGCC,EIDW,74,1,712,177,1,933
485a32,1583252275,KLM1079 ,KLM,KL,KLM Royal Dutch Airlines,1583248892,EGCC,EHAM,81,1,756,94,0,930
4ca788,1583252243,EIN2GA  ,EIN,EI,Aer Lingus,1583250241,EGCC,EIDW,74,1,700,215,1,923
4009d8,1583251705,SHT2P   ,SHT,,British Airways Shuttle,1583249746,EGCC,EGLL,74,1,410,89,2,1295
401153,1583251024,BEE1KM  ,BEE,BE,Flybe,1583248417,EGCC,EGPH,81,1,1108,118,0,1449
407183,1583250511,EXS2ZP  ,EXS,LS,Jet2.com,1583239836,EGCC,LEMG,89,1,1281,84,0,1576
4ca804,1583249212,RYR6PZ  ,RYR,FR,Ryanair,1583235142,EGCC,,74,1,685,,0,
4bb26f,1583249119,THY5DC  ,THY,TK,Turkish Airlines,1583236322,EGCC,,81,1,883,,0,
406a63,1583248927,EXS79E  ,EXS,LS,Jet2.com,1583239755,EGCC,LIRF,89,1,1211,163,0,909
406668,1583248619,EZY53MC ,EZY,U2,easyJet,1583242841,EGCC,LSGG,81,1,484,65,1,1025
4074b8,1583248397,EZY39WM ,EZY,U2,easyJet,1583236628,EGCC,LMML,81,1,475,662,0,2060
406471,1583247125,TOM485  ,TOM,BY,Thomsonfly,1583234821,EGCC,,96,1,1291,,0,
020065,1583247036,RAM818  ,RAM,AT,Royal Air Maroc,1583235352,EGCC,GMMN,81,1,591,691,0,5764
440209,1583246909,EJU97EA ,EJU,,,1583240292,EGCC,LIMC,89,1,114,108,2,1267
3c48f0,1583246333,EWG9XG  ,EWG,EW,Eurowings,1583242052,EGCC,EDDL,89,1,689,115,0,256
4ca566,1583245883,RYR562  ,RYR,FR,Ryanair,1583243874,EGCC,EIDW,89,1,640,223,1,908
406fd8,1583245796,EZY21XA ,EZY,U2,easyJet,1583235366,EGCC,,96,1,72,,0,
48c122,1583244627,RYR1RV  ,RYR,FR,Ryanair,1583237093,EGCC,EPKT,81,1,691,199,0,1132
3c66b7,1583244380,DLH938  ,DLH,LH,Lufthansa,1583237947,EGCC,EDDF,96,1,339,79,1,2359
400fe2,1583244094,EZY37AQ ,EZY,U2,easyJet,1583234754,EGCC,LPPT,81,1,595,76,1,2406
4008b3,1583243958,SHT2V   ,SHT,,British Airways Shuttle,1583241895,EGCC,EGLL,96,1,667,142,3,817
40796e,1583243762,EXS5306 ,EXS,LS,Jet2.com,1583242291,EGCC,EGNT,104,1,4,1031,0,4415
4caa53,1583243606,BEE4CB  ,BEE,BE,Flybe,1583241773,EGCC,EGNS,96,1,852,90,0,491
3950c6,1583243066,AFR26TT ,AFR,AF,Air France,1583239284,EGCC,LFPG,74,1,570,154,2,2617
40622b,1583242907,EZY85VA ,EZY,U2,easyJet,1583234940,EGCC,BIKF,96,1,430,374,0,2000
7103d6,1583242184,SVA123  ,SVA,SV,Saudi Arabian Airlines,1583140301,EGCC,WSSS,96,1,511,526,2,3287
407797,1583242042,EZY67CN ,EZY,U2,easyJet,1583234042,EGCC,EPKK,104,1,487,490,0,2246
89656d,1583241829,ETD37A  ,ETD,EY,Etihad Airways,1583215952,EGCC,,96,1,920,,0,
406d9a,1583241652,BEE74D  ,BEE,BE,Flybe,1583236266,EGCC,EDDL,112,1,646,99,0,1035
4010ee,1583241552,EZY54EU ,EZY,U2,easyJet,1583231070,EGCC,LEMG,104,1,476,92,0,676
4ca6c4,1583241116,EIN204  ,EIN,EI,Aer Lingus,1583238917,EGCC,EIDW,104,1,146,246,1,781
4cafc2,1583240693,RYR63TH ,RYR,FR,Ryanair,1583231101,EGCC,,89,1,97,,0,
3c6581,1583240516,DLH3WL  ,DLH,LH,Lufthansa,1583234070,EGCC,EDDM,104,1,496,163,1,1537
407835,1583240056,EZY64RF ,EZY,U2,easyJet,1583230646,EGCC,LEAL,104,1,485,1976,0,12322
484b91,1583239703,KLM1075 ,KLM,KL,KLM Royal Dutch Airlines,1583236500,EGCC,EHAM,112,1,756,117,0,1486
401078,1583239602,EXS051B ,EXS,LS,Jet2.com,1583234676,EGCC,EGCC,119,1,1368,127,0,2120
3e5241,1583238867,ECA4C   ,ECA,UI,Eurocypria Airlines,1583233475,EGCC,,135,1,1497,,0,
40768b,1583238320,EZY73FG ,EZY,U2,easyJet,1583230477,EGCC,,104,1,490,,0,
400d8c,1583238147,EZY12DH ,EZY,U2,easyJet,1583230606,EGCC,LIPZ,112,1,13,234,1,600
406ae8,1583237815,TOM11V  ,TOM,BY,Thomsonfly,1583228583,EGCC,LEPA,104,1,261,15,1,651
4ca256,1583237578,RYR26FR ,RYR,FR,Ryanair,1583228565,EGCC,LIRA,104,1,551,67,0,433
4d225e,1583237427,RYR30DL ,RYR,FR,Ryanair,1583232002,EGCC,EDDB,112,1,1075,135,0,376
4caf82,1583237152,SAS4609 ,SAS,SK,Scandinavian Airlines System,1583231058,EGCC,ENGM,112,1,479,1476,0,10981
3c6487,1583236870,DLH6CH  ,DLH,LH,Lufthansa,1583232198,EGCC,EDDF,112,1,486,79,1,1812
06a13d,1583236647,QTR3GC  ,QTR,QR,Qatar Airways,1583211675,EGCC,OTHH,112,1,628,57,1,1782
4010da,1583235239,SHT2Q   ,SHT,,British Airways Shuttle,1583233221,EGCC,EGLL,119,1,345,134,3,682
4ca765,1583234693,RYR4ME  ,RYR,FR,Ryanair,1583226850,EGCC,LPPR,119,1,165,1637,0,14011
4bb841,1583234367,PGT76W  ,PGT,PC,Pegasus Airlines,1583220991,EGCC,LTFJ,119,1,459,392,1,2765
406757,1583234096,EZY67QT ,EZY,U2,easyJet,1583231642,EGCC,EGAA,119,1,498,733,0,3782
401078,1583234056,EXS051B ,EXS,LS,Jet2.com,1583233394,EGCC,EGCC,127,1,1309,127,0,362
8960f6,1583233879,UAE17   ,UAE,EK,Emirates,1583205194,EGCC,OMDB,104,1,757,34,0,506
4ca7b6,1583233677,RYR554  ,RYR,FR,Ryanair,1583231315,EGCC,EIDW,119,1,745,238,1,901
4691c1,1583233619,AEE638  ,AEE,A3,Aegean Airlines,1583220233,EGCC,LGAV,119,1,476,1529,0,10784
4ca4e8,1583233227,RYR60XJ ,RYR,FR,Ryanair,1583226183,EGCC,LFML,135,1,1255,648,1,4143
406d92,1583233169,EZY25XC ,EZY,U2,easyJet,1583227338,EGCC,EDDT,127,1,49,259,0,826
495286,1583233018,TAP131P ,TAP,TP,TAP Portugal,1583223570,EGCC,LPPT,127,1,94,175,1,2824
40772d,1583232888,EZY95BV ,EZY,U2,easyJet,1583229260,EGCC,LFPG,127,1,198,185,3,1603
4caa53,1583232704,BEE8EP  ,BEE,BE,Flybe,1583230755,EGCC,EGNS,127,1,848,121,0,577
4caad9,1583232564,STK32D  ,STK,,Aeropac,1583230132,EGCC,EIDW,119,1,683,238,1,260
a1777b,1583232254,N194ER  ,N19,,,1583228328,EGCC,EBAW,119,1,878,216,1,1252
3445d2,1583231062,IBS3692 ,IBS,I2,Iberia Express,1583222685,EGCC,LEMD,127,1,429,320,1,3349
4cc27a,1583230639,ICE52T  ,ICE,FI,Icelandair,1583223191,EGCC,BIKF,135,1,468,504,0,2057
44cdc4,1583229898,BEL7TP  ,BEL,,,1583226275,EGCC,EBBR,127,1,782,81,2,432
406668,1583229657,EZY71VZ ,EZY,U2,easyJet,1583226434,EGCC,EHAM,127,1,476,117,0,1126
3c6585,1583229207,DLH1PL  ,DLH,LH,Lufthansa,1583222935,EGCC,EDDM,127,1,470,133,1,1796
406a50,1583229119,BEE4NC  ,BEE,BE,Flybe,1583225010,EGCC,LFPG,135,1,661,200,2,1988
4bb266,1583228607,THY9XC  ,THY,TK,Turkish Airlines,1583215651,EGCC,,142,1,440,,0,
484166,1583227852,KLM41R  ,KLM,KL,KLM Royal Dutch Airlines,1583224980,EGCC,EHAM,135,1,172,125,0,1649
405518,1583227628,BEE5CF  ,BEE,BE,Flybe,1583224291,EGCC,,142,1,874,,0,
4ac9e4,1583227248,SAS42B  ,SAS,SK,Scandinavian Airlines System,1583221405,EGCC,EKCH,135,1,629,162,0,545
c07444,1583226547,TSC292  ,TSC,TS,Air Transat,1583204880,EGCC,CYYZ,127,1,449,55,0,1912
461f2e,1583225993,FIN6EN  ,FIN,AY,Finnair,1583216244,EGCC,,135,1,671,,0,
5110f3,1583225577,SAS161E ,SAS,SK,Scandinavian Airlines System,1583217980,EGCC,ESSA,135,1,498,285,0,669
400ceb,1583225353,SHT2J   ,SHT,,British Airways Shuttle,1583223423,EGCC,EGLL,135,1,242,218,3,815
48c221,1583224674,RYR2BV  ,RYR,FR,Ryanair,1583216108,EGCC,EPMO,127,1,512,238,0,1042
3c6448,1583224225,DLH5HR  ,DLH,LH,Lufthansa,1583218965,EGCC,EDDF,135,1,492,87,1,1428
4caaeb,1583224004,STK2M   ,STK,,Aeropac,1583220027,EGCC,EICK,135,1,639,250,0,1362
76cdb4,1583223299,SIA52   ,SIA,SQ,Singapore Airlines,1583173327,EGCC,WSSS,142,1,436,496,2,3178
392aef,1583223171,AFR55LU ,AFR,AF,Air France,1583219350,EGCC,LFPG,142,1,756,208,2,2401
ab1bf0,1583223113,AAL734  ,AAL,AA,American Airlines,1583202052,EGCC,KPHL,135,1,245,65,3,1917
484ee5,1583222664,KLM35N  ,KLM,KL,KLM Royal Dutch Airlines,1583219561,EGCC,EHAM,135,1,461,132,0,1565
40788c,1583222504,AUR70B  ,AUR,GR,Aurigny Air Services,1583218187,EGCC,,142,1,672,,0,
4009c6,1583222445,SHT2L   ,SHT,,British Airways Shuttle,1583220382,EGCC,EGLL,142,1,481,165,3,634
4075cf,1583222305,VIR78   ,VIR,VS,Virgin Atlantic Airways,1583196906,EGCC,,142,1,921,,0,
4b19f6,1583221754,SWR33K  ,SWR,LX,Swiss International Air Lines,1583215867,EGCC,LSZH,142,1,449,63,1,1805
406135,1583221690,EZY130  ,EZY,U2,easyJet,1583219419,EGCC,EGAA,142,1,502,794,0,4619
4caa53,1583221494,BEE1TH  ,BEE,BE,Flybe,1583219541,EGCC,EGNS,142,1,595,159,0,275
4008f6,1583221345,VIR27X  ,VIR,VS,Virgin Atlantic Airways,1583152106,EGCC,EGKK,142,1,229,563,1,3586
4074fc,1583221256,VIR110  ,VIR,VS,Virgin Atlantic Airways,1583195543,EGCC,KATL,135,1,915,144,0,2143
406d9a,1583220988,BEE7CN  ,BEE,BE,Flybe,1583218160,EGCC,EGTU,150,1,1101,1435,1,7468
4ca5c8,1583220132,EIN2AW  ,EIN,EI,Aer Lingus,1583218036,EGCC,EIDW,142,1,463,276,1,1978
4d224f,1583219922,RYR9XA  ,RYR,FR,Ryanair,1583215630,EGCC,EDDK,150,1,955,418,1,1953
401153,1583219809,BEE67M  ,BEE,BE,Flybe,1583217389,EGCC,EGPH,150,1,361,278,0,386
4ca624,1583219516,RYR62UA ,RYR,FR,Ryanair,1583217484,EGCC,EIDW,135,1,488,375,1,2256
040187,1583219390,ETH728  ,ETH,ET,Ethiopian Airlines,1583215680,EGCC,EBBR,142,1,936,81,2,740
3c5ee6,1583218765,EWG1AR  ,EWG,EW,Eurowings,1583214739,EGCC,EDDL,150,1,461,115,0,1456
406d6f,1583218404,TOM661  ,TOM,BY,Thomsonfly,1583182905,EGCC,,142,1,618,,0,
896483,1583217707,UAE1KM  ,UAE,EK,Emirates,1583190414,EGCC,OMDB,127,1,569,11,0,1229
a8bd6a,1583217549,UAL81   ,UAL,UA,United Airlines,1583195752,EGCC,KEWR,150,1,372,253,1,1489
4067f7,1583215963,TOM193  ,TOM,BY,Thomsonfly,1583190780,EGCC,,150,1,341,,0,
8964ff,1583215760,ETD49D  ,ETD,EY,Etihad Airways,1583189664,EGCC,,142,1,928,,0,
06a2b4,1583214289,QTR3GV  ,QTR,QR,Qatar Airways,1583188984,EGCC,OTHH,142,1,251,88,1,2604
400678,1583213805,VIR128K ,VIR,VS,Virgin Atlantic Airways,1583193140,EGCC,KJFK,150,1,532,605,0,2669
aca9bf,1583213219,FDX5204 ,FDX,FX,Federal Express,1583212040,EGCC,EGBB,150,1,445,410,0,1718
40787b,1583210454,TOM185  ,TOM,BY,Thomsonfly,1583185118,EGCC,MDPC,150,1,271,740,0,8611
407797,1583193873,EZY1828 ,EZY,U2,easyJet,1583152008,EGCC,EGCC,173,1,576,203,1,487
4074b8,1583192376,EZY61VB ,EZY,U2,easyJet,1583181466,EGCC,,157,1,238,,0,
4ca765,1583191589,RYR84AA ,RYR,FR,Ryanair,1583176383,EGCC,,211,1,395,,0,
4ca256,1583191265,RYR2WF  ,RYR,FR,Ryanair,1583185840,EGCC,,203,1,383,,0,
4070e5,1583190984,EXS015P ,EXS,LS,Jet2.com,1583187827,EGCC,EGAA,157,1,240,931,0,3139
4ca303,1583190926,RYR2UN  ,RYR,FR,Ryanair,1583182120,EGCC,LEMD,195,1,412,168,1,5767
3c66b3,1583190713,DLH4TW  ,DLH,LH,Lufthansa,1583183557,EGCC,EDDM,157,1,225,179,1,1676
4ca804,1583190062,RYR100A ,RYR,FR,Ryanair,1583182701,EGCC,LKPR,195,1,412,374,2,2411
40768b,1583189816,EZY83KB ,EZY,U2,easyJet,1583173747,EGCC,,165,1,163,,0,
4891b5,1583189729,ENT6002 ,ENT,,DAT Enterprise Limited,1583166584,EGCC,GBYD,188,1,415,1007,0,3069
4074b5,1583189246,EZY14WF ,EZY,U2,easyJet,1583182383,EGCC,LKPR,165,1,204,328,2,1920
4cafc2,1583189171,RYR4117 ,RYR,FR,Ryanair,1583179546,EGCC,LEMP,195,1,402,789,0,1882
4072c8,1583188343,EZY85WE ,EZY,U2,easyJet,1583183303,EGCC,LSZM,157,1,77,149,1,2857
406d92,1583188117,EZY1920 ,EZY,U2,easyJet,1583179305,EGCC,,157,1,671,,0,
40622b,1583187990,EZY16KQ ,EZY,U2,easyJet,1583182624,EGCC,LSGG,157,1,469,110,1,1164
3c66ac,1583187840,DLH9CK  ,DLH,LH,Lufthansa,1583182879,EGCC,EDDF,157,1,345,178,1,1698
400d8c,1583187591,EZY69ME ,EZY,U2,easyJet,1583182150,EGCC,EKCH,157,1,357,208,0,3294
40772d,1583187455,EZY89KP ,EZY,U2,easyJet,1583157302,EGCC,EGCC,165,1,240,195,1,274
4062d5,1583187024,EXS772  ,EXS,LS,Jet2.com,1583171844,EGCC,,165,1,235,,0,
484b8f,1583186836,KLM59W  ,KLM,KL,KLM Royal Dutch Airlines,1583183204,EGCC,EHAM,165,1,925,170,0,1370
4ca4e8,1583186647,RYR11XB ,RYR,FR,Ryanair,1583177378,EGCC,,165,1,1086,,0,
400fe2,1583186465,EZY67KA ,EZY,U2,easyJet,1583177641,EGCC,LHBP,157,1,433,291,0,3659
400d90,1583186075,EZY13VR ,EZY,U2,easyJet,1583182324,EGCC,EHAM,157,1,309,163,0,1148
406668,1583185884,EZY85VA ,EZY,U2,easyJet,1583177841,EGCC,BIKF,165,1,53,275,0,254
4ca704,1583185744,RYR6SH  ,RYR,FR,Ryanair,1583178444,EGCC,LIPH,173,1,1225,241,1,425
4ca645,1583185294,RYR1HH  ,RYR,FR,Ryanair,1583174670,EGCC,LEMG,165,1,943,46,0,1491
4010ee,1583185203,EZY36UA ,EZY,U2,easyJet,1583179360,EGCC,EDDT,165,1,7,244,0,1255
4ca4f5,1583184812,RYR4TY  ,RYR,FR,Ryanair,1583181217,EGCC,EBCI,165,1,1037,437,2,1642
4ca893,1583184582,RYR5LT  ,RYR,FR,Ryanair,1583177319,EGCC,LIPE,165,1,1123,633,0,2578
44cdcd,1583184477,BEL2UQ  ,BEL,,,1583180413,EGCC,EBBR,157,1,432,134,2,449
ad0799,1583184206,FDX5203 ,FDX,FX,Federal Express,1583183415,EGCC,EGCC,165,1,321,165,1,297
406fd8,1583184086,EZY31MC ,EZY,U2,easyJet,1583181829,EGCC,EGAA,165,1,22,1808,0,13225
400437,1583183947,EXS9JF  ,EXS,LS,Jet2.com,1583169276,EGCC,,173,1,223,,0,
406a50,1583183539,BEE871C ,BEE,BE,Flybe,1583179885,EGCC,LFPG,165,1,242,253,3,1501
4ca7b4,1583183386,RYR768E ,RYR,FR,Ryanair,1583181218,EGCC,EIDW,180,1,1291,307,1,596
407835,1583182720,EZY28MB ,EZY,U2,easyJet,1583178801,EGCC,LFPG,165,1,460,215,3,1644
405e24,1583182549,TOM5AJ  ,TOM,BY,Thomsonfly,1583168174,EGCC,,157,1,241,,0,
407731,1583182423,EXS88L  ,EXS,LS,Jet2.com,1583175826,EGCC,LKPR,157,1,478,259,2,2075
4009dd,1583182263,TOM451  ,TOM,BY,Thomsonfly,1583167807,EGCC,,165,1,711,,0,
406471,1583181328,TOM93X  ,TOM,BY,Thomsonfly,1583166991,EGCC,,157,1,720,,0,
40717d,1583180912,EXS3WT  ,EXS,LS,Jet2.com,1583166353,EGCC,,180,1,1354,,0,
400e4e,1583180670,EXS18N  ,EXS,LS,Jet2.com,1583165400,EGCC,,165,1,426,,0,
06a0aa,1583179798,QTR4FE  ,QTR,QR,Qatar Airways,1583154690,EGCC,OTHH,165,1,300,18,1,1712
4076da,1583179422,EXS5D   ,EXS,LS,Jet2.com,1583171351,EGCC,EPKK,173,1,1120,536,0,3223
4caad7,1583178983,STK728C ,STK,,Aeropac,1583175075,EGCC,EICK,165,1,496,189,0,282
484cb5,1583178679,KLM89S  ,KLM,KL,KLM Royal Dutch Airlines,1583174476,EGCC,EHAM,173,1,757,178,0,830
4ca850,1583178474,RYR5CE  ,RYR,FR,Ryanair,1583176331,EGCC,EIDW,165,1,445,330,1,1047
4ca788,1583178237,EIN21KX ,EIN,EI,Aer Lingus,1583176210,EGCC,EIDW,157,1,497,299,1,823
4070e5,1583178015,EXS9010 ,EXS,LS,Jet2.com,1583163062,EGCC,,150,1,437,,0,
401153,1583177758,BEE8AU  ,BEE,BE,Flybe,1583175128,EGCC,EGPH,165,1,57,217,0,1257
406f9a,1583177296,BEE4JB  ,BEE,BE,Flybe,1583175483,EGCC,EGNS,173,1,242,205,0,715
48c12e,1583177154,RYR82JL ,RYR,FR,Ryanair,1583168256,EGCC,LHBP,165,1,938,85,0,1029
4ca761,1583176664,RYR58NT ,RYR,FR,Ryanair,1583161841,EGCC,,188,1,1357,,0,
478371,1583176109,SAS4610 ,SAS,SK,Scandinavian Airlines System,1583169740,EGCC,ENGM,157,1,857,1125,0,9129
4008b3,1583176002,SHT2K   ,SHT,,British Airways Shuttle,1583174112,EGCC,EGLL,173,1,34,188,2,814
4068f5,1583175608,EXS4TQ  ,EXS,LS,Jet2.com,1583167097,EGCC,LHBP,165,1,910,85,0,998
48c236,1583175478,RYR25SY ,RYR,FR,Ryanair,1583167625,EGCC,EPKK,165,1,835,589,0,3286
345043,1583175057,VLG75DW ,VLG,VY,Vueling Airlines,1583168054,EGCC,LEBL,165,1,452,720,0,4990
3c5ee4,1583174877,EWG47U  ,EWG,EW,Eurowings,1583170569,EGCC,EDDL,173,1,452,199,0,1090
400428,1583174678,EXS76L  ,EXS,LS,Jet2.com,1583164411,EGCC,,203,1,5415,,0,
7609a8,1583174579,PIA701  ,PIA,PK,Pakistan International Airlines,1583163602,EGCC,,165,1,936,,0,
4078db,1583174309,AUR78B  ,AUR,GR,Aurigny Air Services,1583170210,EGCC,,180,1,1218,,0,
392af2,1583173948,AFR65LP ,AFR,AF,Air France,1583170184,EGCC,LFPG,173,1,758,269,2,2358
4ca256,1583173572,RYR676T ,RYR,FR,Ryanair,1583166855,EGCC,LFMK,157,1,250,81,0,378
4aca02,1583173434,NAX1348 ,NAX,DY,Norwegian Air Shuttle,1583167120,EGCC,ENGM,165,1,478,1080,0,6327
400d90,1583173345,EZY12DH ,EZY,U2,easyJet,1583165704,EGCC,LIPZ,165,1,479,241,1,243
4ca246,1583173137,RYR5EU  ,RYR,FR,Ryanair,1583163612,EGCC,LEZL,157,1,415,765,1,6377
70c0cd,1583173049,OMA105  ,OMA,WY,Oman Air,1583127669,EGCC,VABB,165,1,523,4,1,1050
4009d8,1583172912,SHT2G   ,SHT,,British Airways Shuttle,1583170971,EGCC,EGLL,173,1,246,203,2,1192
896478,1583172707,UAE3PG  ,UAE,EK,Emirates,1583145061,EGCC,OMDB,150,1,546,11,0,1186
4ca4f5,1583171876,RYR57GD ,RYR,FR,Ryanair,1583167264,EGCC,EDDH,165,1,14,250,1,1598
406fd8,1583171267,EZY62UJ ,EZY,U2,easyJet,1583155454,EGCC,,173,1,273,,0,
4b19f6,1583171189,SWR31V  ,SWR,LX,Swiss International Air Lines,1583165648,EGCC,LSZH,173,1,492,200,1,1795
45ac50,1583171007,SAS2549 ,SAS,SK,Scandinavian Airlines System,1583163308,EGCC,ESSA,173,1,482,331,0,1997
4cafcd,1583170842,SAS541  ,SAS,SK,Scandinavian Airlines System,1583165193,EGCC,EKCH,173,1,499,170,0,908
4072c8,1583170679,EZY91PQ ,EZY,U2,easyJet,1583164329,EGCC,EDDM,173,1,494,209,0,1189
40622b,1583169448,EZY42VQ ,EZY,U2,easyJet,1583166274,EGCC,EHAM,173,1,479,209,0,1110
3c6757,1583169238,DLH1HH  ,DLH,LH,Lufthansa,1583163667,EGCC,EDDF,173,1,336,193,1,1466
400d8c,1583169112,EZY86PE ,EZY,U2,easyJet,1583163656,EGCC,LFBD,173,1,198,141,0,406
4ca804,1583168638,RYR6PZ  ,RYR,FR,Ryanair,1583154339,EGCC,,180,1,1068,,0,
461f6d,1583168511,FIN5SK  ,FIN,AY,Finnair,1583158537,EGCC,EFHK,180,1,481,113,1,1874
3c65d7,1583168275,DLH5JF  ,DLH,LH,Lufthansa,1583162116,EGCC,EDDM,180,1,482,209,0,1396
406443,1583167810,EZY25NB ,EZY,U2,easyJet,1583165786,EGCC,EGAA,173,1,816,893,0,5344
4ca303,1583167379,RYR399H ,RYR,FR,Ryanair,1583163634,EGCC,EHEH,180,1,207,419,0,1943
4066b9,1583167253,EXS8DK  ,EXS,LS,Jet2.com,1583156070,EGCC,LPFR,180,1,561,53,0,680
407180,1583167078,EXS8CS  ,EXS,LS,Jet2.com,1583158393,EGCC,,180,1,857,,0,
484132,1583166819,KLM1079 ,KLM,KL,KLM Royal Dutch Airlines,1583162702,EGCC,EHAM,180,1,526,224,0,1709
4ca788,1583166744,EIN2GA  ,EIN,EI,Aer Lingus,1583164203,EGCC,EIDW,180,1,470,314,1,504
4010ee,1583166599,EZY26QT ,EZY,U2,easyJet,1583162772,EGCC,,180,1,500,,0,
40087b,1583166359,SHT2P   ,SHT,,British Airways Shuttle,1583163943,EGCC,EGLL,180,1,317,180,2,1267
44ce72,1583166196,BEL177  ,BEL,,,1583162161,EGCC,EBBR,180,1,344,187,2,108
4caa53,1583166025,BEE4CB  ,BEE,BE,Flybe,1583163780,EGCC,EGNS,173,1,665,197,0,415
4ca850,1583165759,RYR26FR ,RYR,FR,Ryanair,1583157103,EGCC,LIRA,188,1,679,60,0,640
4ca704,1583165634,RYR14GL ,RYR,FR,Ryanair,1583160437,EGCC,EKBI,180,1,730,427,0,1375
3c66ea,1583165570,DLH938  ,DLH,LH,Lufthansa,1583160211,EGCC,EDDF,180,1,534,201,1,1056
4bb26d,1583164798,THY5DC  ,THY,TK,Turkish Airlines,1583149779,EGCC,,180,1,937,,0,
406a63,1583164269,EXS2ZP  ,EXS,LS,Jet2.com,1583154063,EGCC,LEMG,180,1,996,16,0,619
405518,1583164182,BEE7LG  ,BEE,BE,Flybe,1583161593,EGCC,EGHI,203,1,1292,497,0,1944
407835,1583164092,EZY87XQ ,EZY,U2,easyJet,1583150533,EGCC,LGAV,180,1,487,1437,0,9986
4ca893,1583163896,RYR870B ,RYR,FR,Ryanair,1583149373,EGCC,,180,1,840,,0,
406ae8,1583163439,TOM2XJ  ,TOM,BY,Thomsonfly,1583131778,EGCC,EGCC,180,1,508,226,1,288
4ca565,1583163144,RYR1ZR  ,RYR,FR,Ryanair,1583160950,EGCC,EIDW,173,1,546,391,1,1186
40702e,1583162457,EXS79E  ,EXS,LS,Jet2.com,1583153829,EGCC,LIRF,180,1,187,323,0,1530
4074b5,1583162366,EZY39WM ,EZY,U2,easyJet,1583150947,EGCC,LMML,188,1,474,0,0,1303
4074b8,1583161911,EZY53MC ,EZY,U2,easyJet,1583156581,EGCC,LSGG,188,1,486,232,1,101
4076dd,1583161649,EXS59ED ,EXS,LS,Jet2.com,1583154279,EGCC,LEBL,180,1,920,903,0,3507
406d92,1583161439,EZY21XA ,EZY,U2,easyJet,1583150214,EGCC,,188,1,422,,0,
40796e,1583160989,EXS321  ,EXS,LS,Jet2.com,1583155341,EGCC,EGCC,188,1,156,195,1,595
3c5ee7,1583160708,EWG9XG  ,EWG,EW,Eurowings,1583156479,EGCC,EDDL,188,1,492,206,0,788
406668,1583160358,EZY58JQ ,EZY,U2,easyJet,1583157365,EGCC,EHAM,188,1,322,224,0,1702
440610,1583160140,EJU97EA ,EJU,,,1583154060,EGCC,LIMC,195,1,126,154,2,1720
44045e,1583159823,GDK1    ,GDK,,Goldeck-Flug,1583153481,EGCC,LFML,195,1,1022,1150,1,3349
4ca251,1583159576,RYR562  ,RYR,FR,Ryanair,1583157428,EGCC,EIDW,180,1,257,345,1,849
4d218b,1583159467,HFM711  ,HFM,,,1583115611,EGCC,MDMA,188,1,139,1181,0,9911
407183,1583159212,EXS88J  ,EXS,LS,Jet2.com,1583150918,EGCC,BIKF,188,1,887,374,0,64
4ca4e8,1583159032,RYR8HC  ,RYR,FR,Ryanair,1583152398,EGCC,LKPR,180,1,30,328,2,2250
4cafc2,1583158558,RYR1QC  ,RYR,FR,Ryanair,1583147251,EGCC,UKBB,188,1,5,1454,0,9729
4008b5,1583157507,SHT2V   ,SHT,,British Airways Shuttle,1583155726,EGCC,EGLL,188,1,248,203,3,682
407731,1583157056,EXS802Q ,EXS,LS,Jet2.com,1583149246,EGCC,LIPZ,180,1,500,142,1,481
406a50,1583156937,BEE9MD  ,BEE,BE,Flybe,1583154067,EGCC,EIKN,188,1,468,216,0,1118
3c66ad,1583156752,DLH6CH  ,DLH,LH,Lufthansa,1583151846,EGCC,EDDF,195,1,322,193,1,2319
400fe2,1583156608,EZY1840 ,EZY,U2,easyJet,1583145240,EGCC,,195,1,497,,0,
4ca645,1583156369,RYR7BK  ,RYR,FR,Ryanair,1583147114,EGCC,LPPT,188,1,712,76,2,1078
3950ce,1583156308,AFR26TT ,AFR,AF,Air France,1583152717,EGCC,LFPG,188,1,379,314,2,2142
8964fe,1583155435,ETD37A  ,ETD,EY,Etihad Airways,1583129164,EGCC,,188,1,638,,0,
40622b,1583154891,EZY54EU ,EZY,U2,easyJet,1583144252,EGCC,LEMG,195,1,150,23,0,597
4ca63b,1583154710,EIN204  ,EIN,EI,Aer Lingus,1583152622,EGCC,EIDW,188,1,479,337,1,918
4ca4f5,1583154528,RYR83QM ,RYR,FR,Ryanair,1583142870,EGCC,LMML,188,1,9,22,0,794
4aca5a,1583154116,NAX4479 ,NAX,DY,Norwegian Air Shuttle,1583146314,EGCC,ESSA,195,1,288,354,0,1486
4076da,1583153785,EXS81T  ,EXS,LS,Jet2.com,1583148385,EGCC,LSGG,188,1,249,240,1,245
3c6645,1583153608,DLH3WL  ,DLH,LH,Lufthansa,1583147344,EGCC,EDDM,203,1,247,163,0,1100
4ca765,1583153258,RYR63TH ,RYR,FR,Ryanair,1583144046,EGCC,,188,1,696,,0,
40772d,1583153152,EZY64RF ,EZY,U2,easyJet,1583144640,EGCC,,195,1,497,,0,
4cacb6,1583152973,SAS4609 ,SAS,SK,Scandinavian Airlines System,1583146718,EGCC,ENGM,195,1,498,1148,0,7107
484b90,1583152829,KLM1075 ,KLM,KL,KLM Royal Dutch Airlines,1583149390,EGCC,EHAM,195,1,764,285,0,2218
4caaec,1583151981,STK22D  ,STK,,Aeropac,1583147870,EGCC,EICK,195,1,262,273,0,913
4010ee,1583151935,EZY92WD ,EZY,U2,easyJet,1583144026,EGCC,LEBL,195,1,496,925,0,4348
4ca303,1583151048,RYR662L ,RYR,FR,Ryanair,1583142773,EGCC,LEPA,195,1,463,1005,1,5451
06a1bf,1583150158,QTR3GC  ,QTR,QR,Qatar Airways,1583125052,EGCC,OTHH,195,1,70,42,1,1858
400d8c,1583149940,EZY79RW ,EZY,U2,easyJet,1583144078,EGCC,EKCH,203,1,4,177,0,878
4ca256,1583149737,RYR694C ,RYR,FR,Ryanair,1583142362,EGCC,LEBL,211,1,1112,1451,0,7272
4d266e,1583149529,RYR30DL ,RYR,FR,Ryanair,1583143687,EGCC,EDDB,195,1,855,165,0,472
406ae2,1583149425,SHT2Q   ,SHT,,British Airways Shuttle,1583147527,EGCC,EGLL,195,1,538,203,3,638
4d2212,1583149038,RYR56LE ,RYR,FR,Ryanair,1583142302,EGCC,LIME,195,1,689,1049,1,4475
4400b3,1583148954,AUA463  ,AUA,OS,Austrian Airlines,1583140806,EGCC,LOWW,195,1,509,114,0,242
4bb866,1583148741,PGT76W  ,PGT,PC,Pegasus Airlines,1583134501,EGCC,LTFJ,203,1,174,369,1,2269
8960f7,1583148343,UAE17   ,UAE,EK,Emirates,1583119604,EGCC,OMDB,180,1,723,26,0,1629
4794f2,1583147998,NAX1344 ,NAX,DY,Norwegian Air Shuttle,1583142721,EGCC,ENBR,195,1,25,1784,1,9799
400db1,1583147841,EZY67QT ,EZY,U2,easyJet,1583145655,EGCC,EGAA,203,1,151,779,0,3141
4072c8,1583147718,EZY25XC ,EZY,U2,easyJet,1583141606,EGCC,EDDT,195,1,495,282,0,617
400d90,1583147573,EZY1870 ,EZY,U2,easyJet,1583140060,EGCC,LIPX,195,1,465,102,1,85
4ca251,1583147159,RYR554  ,RYR,FR,Ryanair,1583144896,EGCC,EIDW,188,1,259,352,1,1171
4075cf,1583147047,VIR809P ,VIR,VS,Virgin Atlantic Airways,1583144790,EGCC,EGKK,203,1,209,502,1,941
4ca6b2,1583146857,STK32D  ,STK,,Aeropac,1583144026,EGCC,EIDW,195,1,592,352,1,707
4ca704,1583146850,RYR72TM ,RYR,FR,Ryanair,1583140586,EGCC,LIMC,203,1,599,108,2,1751
407797,1583146734,EZY95BV ,EZY,U2,easyJet,1583143102,EGCC,LFPG,203,1,478,330,3,1372
4caa53,1583146097,BEE8EP  ,BEE,BE,Flybe,1583144227,EGCC,EGNS,195,1,602,212,0,532
40768b,1583145949,EZY94VG ,EZY,U2,easyJet,1583139528,EGCC,LKPR,203,1,335,351,1,1682
406668,1583145748,EZY47KU ,EZY,U2,easyJet,1583140881,EGCC,EDDH,203,1,494,189,0,1179
4951cd,1583145089,TAP131P ,TAP,TP,TAP Portugal,1583136443,EGCC,LPPT,203,1,508,183,2,1610
44cdc3,1583144713,BEL7TP  ,BEL,,,1583141565,EGCC,EBMB,203,1,789,221,2,444
4cc27d,1583144267,ICE52T  ,ICE,FI,Icelandair,1583136489,EGCC,BIKF,211,1,941,534,0,688
407795,1583143847,EZY9011 ,EZY,U2,easyJet,1583142073,EGCC,EGGW,211,1,279,289,0,721
4074b8,1583143522,EZY71VZ ,EZY,U2,easyJet,1583140024,EGCC,EHAM,203,1,129,216,0,714
4787b3,1583143222,NAX1326 ,NAX,DY,Norwegian Air Shuttle,1583138434,EGCC,ENZV,195,1,436,250,0,745
406a50,1583142839,BEE4NC  ,BEE,BE,Flybe,1583139139,EGCC,LFPG,203,1,489,307,2,2124
4bb270,1583142674,THY9XC  ,THY,TK,Turkish Airlines,1583129532,EGCC,,211,1,230,,0,
3c6445,1583142444,DLH1PL  ,DLH,LH,Lufthansa,1583136240,EGCC,EDDM,203,1,199,179,0,1177
484165,1583142230,KLM41R  ,KLM,KL,KLM Royal Dutch Airlines,1583138980,EGCC,EHAM,211,1,760,270,0,2375
4cacaf,1583139994,HYR525  ,HYR,,Airlink Airways,1583137735,EGCC,EIWT,241,1,1297,586,1,2498
a8bd6a,1583139746,UAL81   ,UAL,UA,United Airlines,1583118846,EGCC,KEWR,211,1,898,124,1,2390
461f6d,1583139561,FIN6EN  ,FIN,AY,Finnair,1583129846,EGCC,,211,1,480,,0,
4077e0,1583139267,SHT2J   ,SHT,,British Airways Shuttle,1583137403,EGCC,EGLL,218,1,227,271,3,750
4ac9ea,1583139058,SAS161E ,SAS,SK,Scandinavian Airlines System,1583131383,EGCC,ESSA,211,1,510,468,0,941
76cdb5,1583138939,SIA51   ,SIA,SQ,Singapore Airlines,1583110415,EGCC,KIAH,211,1,502,343,0,3072
4ca24d,1583137827,RYR17HP ,RYR,FR,Ryanair,1583129991,EGCC,LEVC,211,1,430,109,0,390
aaf47d,1583137614,AAL734  ,AAL,AA,American Airlines,1583116509,EGCC,KPHL,211,1,845,26,3,2019
3c6589,1583137365,DLH5HR  ,DLH,LH,Lufthansa,1583132020,EGCC,EDDF,211,1,541,155,1,2275
4caaec,1583137001,STK2M   ,STK,,Aeropac,1583132981,EGCC,EICK,211,1,700,426,0,2086
40788c,1583136626,AUR70B  ,AUR,GR,Aurigny Air Services,1583132622,EGCC,,218,1,1071,,0,
484f15,1583136299,KLM35N  ,KLM,KL,KLM Royal Dutch Airlines,1583132695,EGCC,EHAM,218,1,763,262,0,1975
48c238,1583136194,RYR78MC ,RYR,FR,Ryanair,1583129381,EGCC,,211,1,480,,0,
40697b,1583135778,SHT2L   ,SHT,,British Airways Shuttle,1583133849,EGCC,EGLL,218,1,131,302,3,695
4b19f9,1583135515,SWR33K  ,SWR,LX,Swiss International Air Lines,1583129630,EGCC,LSZH,218,1,454,147,1,1533
3991e5,1583135484,AFR55LU ,AFR,AF,Air France,1583131662,EGCC,LFPG,218,1,926,375,2,1985
4caa53,1583135315,BEE1TH  ,BEE,BE,Flybe,1583133357,EGCC,EGNS,218,1,677,227,0,400
4d2241,1583135024,RYR9XA  ,RYR,FR,Ryanair,1583130713,EGCC,EDDK,218,1,492,532,1,1192
406016,1583134680,EZY130  ,EZY,U2,easyJet,1583132477,EGCC,EGAA,218,1,410,779,0,3516
4ca9d2,1583134557,RYR2RR  ,RYR,FR,Ryanair,1583131665,EGCC,EINN,218,1,745,496,0,1268
4ca836,1583133950,EIN2AW  ,EIN,EI,Aer Lingus,1583131750,EGCC,EIDW,218,1,488,413,1,2350
3c5ef8,1583133799,EWG1AR  ,EWG,EW,Eurowings,1583129548,EGCC,EDDL,218,1,206,183,0,733
40787b,1583133596,TOM166  ,TOM,BY,Thomsonfly,1583062555,EGCC,EGCC,218,1,853,249,1,399
4ca624,1583132744,RYR62UA ,RYR,FR,Ryanair,1583130618,EGCC,EIDW,218,1,602,444,1,992
4ca6fe,1583132330,RYR3239 ,RYR,FR,Ryanair,1583128937,EGCC,EBCI,226,1,474,551,2,1824
789214,1583130671,CPA219  ,CPA,CX,Cathay Pacific,1583086093,EGCC,VHHH,226,1,944,16,0,1330
896479,1583130415,UAE1KM  ,UAE,EK,Emirates,1583102714,EGCC,OMDB,211,1,260,11,0,877
4006e5,1583130295,VIR27X  ,VIR,VS,Virgin Atlantic Airways,1583058952,EGCC,EGKK,226,1,924,517,1,2872
8964fc,1583129385,ETD49D  ,ETD,EY,Etihad Airways,1583103231,EGCC,,226,1,797,,0,
06a13c,1583127862,QTR3GV  ,QTR,QR,Qatar Airways,1583102713,EGCC,OTHH,226,1,944,118,1,2095
400678,1583127148,VIR128K ,VIR,VS,Virgin Atlantic Airways,1583106400,EGCC,KJFK,234,1,464,300,0,3519
4067f7,1583126757,TOM835  ,TOM,BY,Thomsonfly,1583101218,EGCC,,226,1,785,,0,
406d6f,1583123579,TOM109  ,TOM,BY,Thomsonfly,1583119388,EGCC,,234,1,203,,0,
406ae8,1583117621,TOM631  ,TOM,BY,Thomsonfly,1583102510,EGCC,,234,1,298,,0,
4076dd,1583115818,EXS2CW  ,EXS,LS,Jet2.com,1583101901,EGCC,,226,1,1011,,0,
407180,1583115411,EXS011P ,EXS,LS,Jet2.com,1583105648,EGCC,LPFR,234,1,1012,221,0,1889
406d92,1583112447,EZY1828 ,EZY,U2,easyJet,1583093508,EGCC,LLBG,234,1,299,469,1,5026
4009dd,1583111393,TOM1TM  ,TOM,BY,Thomsonfly,1583096314,EGCC,,241,1,236,,0,
40717d,1583109109,EXS74X  ,EXS,LS,Jet2.com,1583095854,EGCC,,234,1,1001,,0,
4ca303,1583108054,RYR84SP ,RYR,FR,Ryanair,1583100140,EGCC,LZIB,249,1,627,613,0,4050
407560,1583107889,AWC262  ,AWC,ZT,Titan Airways,1583105493,EGCC,EGSS,241,1,204,335,0,1843
4ca8d8,1583107466,RYR4097 ,RYR,FR,Ryanair,1583098527,EGCC,EVRA,249,1,648,339,1,1405
4ca804,1583106677,RYR1HH  ,RYR,FR,Ryanair,1583096237,EGCC,LEMG,234,1,878,39,0,1446
4ca761,1583106430,RYR9XA  ,RYR,FR,Ryanair,1583102325,EGCC,EDDK,272,1,403,349,1,1201
406471,1583105893,TOM9HC  ,TOM,BY,Thomsonfly,1583092115,EGCC,,234,1,400,,0,
4ca893,1583105881,RYR84AA ,RYR,FR,Ryanair,1583091754,EGCC,,272,1,394,,0,
4ca765,1583105303,RYR2RR  ,RYR,FR,Ryanair,1583102110,EGCC,EINN,279,1,450,351,0,903
40673b,1583105017,ENZ864  ,ENZ,,Jota Aviation,1583101894,EGCC,EGGW,234,1,1237,228,0,2435
407797,1583104943,EZY67KA ,EZY,U2,easyJet,1583095820,EGCC,LHBP,226,1,2338,252,0,3150
4ca645,1583104612,RYR5EU  ,RYR,FR,Ryanair,1583095147,EGCC,LEZL,279,1,391,369,1,2339
3c6748,1583104049,DLH4TW  ,DLH,LH,Lufthansa,1583097270,EGCC,EDDM,234,1,202,141,0,1249
4891b5,1583103946,ENT69FZ ,ENT,,DAT Enterprise Limited,1583101358,EGCC,EGKK,264,1,417,464,1,1334
4cafc2,1583103302,RYR2UN  ,RYR,FR,Ryanair,1583095487,EGCC,LEMD,264,1,406,335,1,2129
40622b,1583102328,EZY85WE ,EZY,U2,easyJet,1583097075,EGCC,LSZM,234,1,774,96,1,2769
407835,1583102226,EZY25XC ,EZY,U2,easyJet,1583096610,EGCC,EDDT,234,1,441,305,0,1003
40772d,1583101981,EZY91PQ ,EZY,U2,easyJet,1583095230,EGCC,EDDM,234,1,260,133,0,339
3c66b5,1583101855,DLH9CK  ,DLH,LH,Lufthansa,1583096372,EGCC,EDDF,234,1,451,170,1,1056
40600e,1583101838,EZY76HR ,EZY,U2,easyJet,1583096696,EGCC,,241,1,421,,0,
4ca4f5,1583101703,RYR11XB ,RYR,FR,Ryanair,1583092298,EGCC,,264,1,1584,,0,
4072c8,1583101528,EZY24MZ ,EZY,U2,easyJet,1583093731,EGCC,LOWW,234,1,343,99,0,2755
40768b,1583101344,EZY54EU ,EZY,U2,easyJet,1583091811,EGCC,LEMG,234,1,287,39,0,952
4010ec,1583100610,EZY63CG ,EZY,U2,easyJet,1583089720,EGCC,,241,1,1222,,0,
406fd8,1583100452,EZY94VG ,EZY,U2,easyJet,1583094220,EGCC,LKPR,249,1,1248,359,2,2323
4caad7,1583100250,STK728C ,STK,,Aeropac,1583096348,EGCC,EICK,234,1,807,349,0,971
4ca4e8,1583099791,RYR4TY  ,RYR,FR,Ryanair,1583096251,EGCC,EBCI,249,1,1229,292,2,1199
406668,1583099616,EZY69ME ,EZY,U2,easyJet,1583093603,EGCC,EKCH,234,1,164,223,0,2919
4ca256,1583099451,RYR662L ,RYR,FR,Ryanair,1583090881,EGCC,LEPA,256,1,1324,7,1,851
4070e8,1583099352,EXS5D   ,EXS,LS,Jet2.com,1583090841,EGCC,EPKK,234,1,1176,498,0,3529
405e24,1583099214,TOM60W  ,TOM,BY,Thomsonfly,1583089568,EGCC,LEMG,241,1,1068,39,0,539
400d90,1583099155,EZY81TQ ,EZY,U2,easyJet,1583091301,EGCC,LEBL,234,1,472,1665,0,12448
4068f5,1583098874,EXS4TQ  ,EXS,LS,Jet2.com,1583090227,EGCC,LHBP,234,1,1090,214,0,3970
484557,1583098718,KLM59W  ,KLM,KL,KLM Royal Dutch Airlines,1583095749,EGCC,EHAM,249,1,1327,201,0,1740
44cdc3,1583098366,BEL2UQ  ,BEL,,,1583094060,EGCC,EBBR,241,1,1090,157,2,427
4ca704,1583098146,RYR100A ,RYR,FR,Ryanair,1583091620,EGCC,LKPR,249,1,1233,359,2,2294
400d8c,1583097987,EZY13VR ,EZY,U2,easyJet,1583094420,EGCC,EHAM,234,1,340,216,0,1763
406a50,1583097787,BEE2PE  ,BEE,BE,Flybe,1583093012,EGCC,ELLX,241,1,1202,195,0,1322
400fe2,1583097469,EZY25NB ,EZY,U2,easyJet,1583095148,EGCC,EGAA,226,1,412,847,0,3834
4ca223,1583096724,RYR768E ,RYR,FR,Ryanair,1583094529,EGCC,EIDW,226,1,512,413,1,1062
4074b5,1583096514,EZY28MB ,EZY,U2,easyJet,1583092997,EGCC,LFPG,234,1,583,238,3,2026
40702e,1583096330,EXS9JF  ,EXS,LS,Jet2.com,1583081503,EGCC,,264,1,1589,,0,
4ca788,1583096061,EIN21W  ,EIN,EI,Aer Lingus,1583094023,EGCC,EIDW,226,1,494,398,1,1138
406eec,1583095741,VCG2XP  ,VCG,,,1583092804,EGCC,EGPH,264,1,1285,294,0,1396
407183,1583095557,EXS88L  ,EXS,LS,Jet2.com,1583089190,EGCC,LKPR,241,1,1124,259,2,2451
4075af,1583095343,EXS79E  ,EXS,LS,Jet2.com,1583086743,EGCC,LIRF,256,1,1383,300,0,1208
4008b3,1583095116,SHT2K   ,SHT,,British Airways Shuttle,1583093300,EGCC,EGLL,226,1,946,226,3,765
406016,1583094929,EZY49KR ,EZY,U2,easyJet,1583092959,EGCC,EGAA,234,1,398,1891,0,11730
400e4a,1583094716,EXS818  ,EXS,LS,Jet2.com,1583089152,EGCC,LSGG,234,1,1031,118,1,77
400e4e,1583094547,EXS78Y  ,EXS,LS,Jet2.com,1583080423,EGCC,,234,1,327,,0,
406a63,1583094366,EXS59ED ,EXS,LS,Jet2.com,1583087014,EGCC,LEBL,234,1,1090,682,0,6591
400437,1583094296,EXS18N  ,EXS,LS,Jet2.com,1583079319,EGCC,,241,1,147,,0,
406d27,1583094144,EXS3WT  ,EXS,LS,Jet2.com,1583080400,EGCC,,234,1,320,,0,
4076da,1583093993,EXS8YF  ,EXS,LS,Jet2.com,1583078580,EGCC,,241,1,1139,,0,
4ca770,1583093398,EIN21KX ,EIN,EI,Aer Lingus,1583091233,EGCC,EIDW,234,1,504,398,1,977
4ca740,1583092160,RYR7BK  ,RYR,FR,Ryanair,1583083246,EGCC,LPPT,226,1,452,183,1,2741
4ca8e6,1583092044,RYR5CE  ,RYR,FR,Ryanair,1583089703,EGCC,EIDW,234,1,866,429,1,936
407731,1583091934,EXS9GR  ,EXS,LS,Jet2.com,1583078149,EGCC,,234,1,961,,0,
406f9a,1583091853,BEE8AU  ,BEE,BE,Flybe,1583089380,EGCC,EGPH,234,1,1097,362,0,273
4ca761,1583091709,RYR2WF  ,RYR,FR,Ryanair,1583086044,EGCC,,226,1,400,,0,
48c128,1583091597,RYR82JL ,RYR,FR,Ryanair,1583082609,EGCC,LHBP,218,1,388,115,0,2870
48c226,1583091111,RYR25SY ,RYR,FR,Ryanair,1583082751,EGCC,EPKK,226,1,687,612,0,4169
06a0a7,1583091058,QTR4FE  ,QTR,QR,Qatar Airways,1583066200,EGCC,OTHH,226,1,943,4,1,1054
400428,1583090852,EXS8CS  ,EXS,LS,Jet2.com,1583082333,EGCC,,241,1,2660,,0,
406d9a,1583090456,BEE4ND  ,BEE,BE,Flybe,1583087834,EGCC,EGTE,241,1,480,1630,0,8707
40710e,1583090158,BEE1PJ  ,BEE,BE,Flybe,1583086626,EGCC,EGPD,241,1,866,353,0,567
344283,1583089769,VLG75DW ,VLG,VY,Vueling Airlines,1583082778,EGCC,LEBL,234,1,488,1642,0,13161
4072b7,1583089603,BEE4JB  ,BEE,BE,Flybe,1583087853,EGCC,EGNS,249,1,640,273,0,770
40788c,1583088714,AUR78B  ,AUR,GR,Aurigny Air Services,1583084869,EGCC,,234,1,943,,0,
40755f,1583088578,AWC62   ,AWC,ZT,Titan Airways,1583083753,EGCC,ENUL,234,1,526,1798,1,9440
4d221a,1583088379,RYR3AG  ,RYR,FR,Ryanair,1583082523,EGCC,EDDB,234,1,876,142,0,636
392af8,1583088209,AFR65LP ,AFR,AF,Air France,1583084320,EGCC,LFPG,241,1,929,276,2,2124
7609a8,1583088139,PIA701  ,PIA,PK,Pakistan International Airlines,1583038520,EGCC,,234,1,942,,0,
3c48f0,1583087816,EWG47U  ,EWG,EW,Eurowings,1583083807,EGCC,EDDL,234,1,459,168,0,254
40697b,1583087421,SHT2G   ,SHT,,British Airways Shuttle,1583085370,EGCC,EGLL,234,1,484,233,3,754
702087,1583087206,BBC007  ,BBC,BG,Biman Bangladesh Airlines,1583049570,EGCC,VGTJ,241,1,10,960,2,1039
89647b,1583086858,UAE3PG  ,UAE,EK,Emirates,1583058823,EGCC,OMDB,234,1,937,3,0,675
4ca4e8,1583086544,RYR694C ,RYR,FR,Ryanair,1583078810,EGCC,LEBL,234,1,665,705,0,4607
4ca223,1583086409,RYR1ZR  ,RYR,FR,Ryanair,1583084259,EGCC,EIDW,234,1,741,467,1,1242
70c0ce,1583086245,OMA105  ,OMA,WY,Oman Air,1583040812,EGCC,VABB,234,1,936,3,1,1008
4b028a,1583085834,SWR31V  ,SWR,LX,Swiss International Air Lines,1583079543,EGCC,LSZH,241,1,200,132,1,1054
4d21b1,1583085687,FHM5125 ,FHM,,,1583084270,EGCC,EGBB,234,1,691,570,0,1995
4cafb4,1583085561,RYR56LE ,RYR,FR,Ryanair,1583078807,EGCC,LIME,241,1,246,470,1,2356
400fe2,1583085350,EZY1846 ,EZY,U2,easyJet,1583080578,EGCC,EDDH,241,1,499,174,1,206
4cafcc,1583084819,SAS541  ,SAS,SK,Scandinavian Airlines System,1583079120,EGCC,EKCH,241,1,479,200,0,906
4ca303,1583084353,RYR57GD ,RYR,FR,Ryanair,1583079641,EGCC,EDDH,226,1,309,220,1,1127
407835,1583084242,EZY140  ,EZY,U2,easyJet,1583081930,EGCC,EGAA,241,1,495,710,0,2305
40622b,1583084128,EZY32JF ,EZY,U2,easyJet,1583078520,EGCC,LSGG,241,1,470,202,1,302
400d8c,1583083575,EZY75UQ ,EZY,U2,easyJet,1583077292,EGCC,,241,1,500,,0,
4070ef,1583083135,EXS932  ,EXS,LS,Jet2.com,1583071476,EGCC,LMML,241,1,1148,30,0,1322
40600e,1583082689,EZY42VQ ,EZY,U2,easyJet,1583079403,EGCC,EHAM,241,1,130,201,0,954
3cd439,1583082474,HHN909  ,HHN,HR,Hahn Air,1583079585,EGCC,EBOS,241,1,848,483,0,415
4ca8d8,1583082259,RYR740X ,RYR,FR,Ryanair,1583077268,EGCC,,226,1,485,,0,
406a50,1583082204,BEE4PB  ,BEE,BE,Flybe,1583078373,EGCC,EHAM,241,1,481,193,0,1925
4ca770,1583082058,EIN2GA  ,EIN,EI,Aer Lingus,1583079690,EGCC,EIDW,241,1,170,406,1,1058
406668,1583082053,EZY79RW ,EZY,U2,easyJet,1583075901,EGCC,EKCH,241,1,277,238,0,2831
4074b5,1583081845,EZY67QT ,EZY,U2,easyJet,1583079312,EGCC,EGAA,241,1,492,733,0,2546
3c66af,1583081542,DLH1HH  ,DLH,LH,Lufthansa,1583076516,EGCC,EDDF,241,1,96,148,1,1328
40772d,1583081478,EZY62UJ ,EZY,U2,easyJet,1583066295,EGCC,,241,1,487,,0,
3c6582,1583081099,DLH5JF  ,DLH,LH,Lufthansa,1583074857,EGCC,EDDM,241,1,454,179,0,1479
4ca8e6,1583080582,RYR6PZ  ,RYR,FR,Ryanair,1583066798,EGCC,,226,1,500,,0,
45ac37,1583080196,SAS2549 ,SAS,SK,Scandinavian Airlines System,1583072425,EGCC,ESSA,241,1,109,407,0,1331
484160,1583080135,KLM1079 ,KLM,KL,KLM Royal Dutch Airlines,1583076753,EGCC,EHAM,249,1,755,193,0,1458
406fd8,1583080098,EZY87XQ ,EZY,U2,easyJet,1583066735,EGCC,LGAV,241,1,120,1110,0,10973
44ce69,1583080033,BEL177  ,BEL,,,1583076492,EGCC,EBBR,241,1,475,164,2,449
406e9f,1583078997,TOW155P ,TOW,FF,Tower Air,1583073634,EGCC,EDDF,234,1,540,140,1,1769
4d2229,1583078749,RYR83UU ,RYR,FR,Ryanair,1583073679,EGCC,LFBD,241,1,108,163,0,791
4ca645,1583078451,RYR41ZC ,RYR,FR,Ryanair,1583066731,EGCC,,234,1,404,,0,
4cafc2,1583078155,RYR9CB  ,RYR,FR,Ryanair,1583063771,EGCC,,226,1,665,,0,
4bb270,1583078052,THY5DC  ,THY,TK,Turkish Airlines,1583063674,EGCC,,241,1,496,,0,
4ca704,1583077593,RYR399H ,RYR,FR,Ryanair,1583073771,EGCC,EHEH,241,1,547,556,0,1863
406d9a,1583077556,BEE6AF  ,BEE,BE,Flybe,1583074656,EGCC,EGTE,249,1,661,1652,0,9005
4072b7,1583077491,BEE2DZ  ,BEE,BE,Flybe,1583075512,EGCC,EGNS,249,1,1056,281,0,767
407797,1583077079,EZY36UA ,EZY,U2,easyJet,1583071411,EGCC,EDDT,241,1,489,267,0,639
4ca804,1583076292,RYR63TH ,RYR,FR,Ryanair,1583067963,EGCC,,241,1,271,,0,
4ca4f5,1583076069,RYR20CH ,RYR,FR,Ryanair,1583072172,EGCC,,249,1,850,,0,
400d90,1583076026,EZY58JQ ,EZY,U2,easyJet,1583072198,EGCC,EHAM,241,1,413,193,0,950
4066b9,1583075780,EXS8RV  ,EXS,LS,Jet2.com,1583067609,EGCC,LEPA,241,1,1112,7,1,970
4ca256,1583075632,RYR83QM ,RYR,FR,Ryanair,1583063892,EGCC,LMML,249,1,696,38,0,989
401079,1583075531,EXS8DK  ,EXS,LS,Jet2.com,1583065703,EGCC,LPFR,256,1,2239,91,0,2094
4070e8,1583075429,EXS048A ,EXS,LS,Jet2.com,1583073389,EGCC,,241,1,260,,0,
407180,1583075306,EXS22EF ,EXS,LS,Jet2.com,1583065871,EGCC,,241,1,117,,0,
407183,1583074342,EXS2110 ,EXS,LS,Jet2.com,1583063760,EGCC,,234,1,254,,0,
4ca916,1583073238,RYR562  ,RYR,FR,Ryanair,1583071126,EGCC,EIDW,241,1,467,368,1,855
4400b3,1583072957,AUA463  ,AUA,OS,Austrian Airlines,1583063912,EGCC,LOWW,249,1,106,60,0,1183
4ca761,1583072095,RYR6815 ,RYR,FR,Ryanair,1583064442,EGCC,LEMD,241,1,191,236,1,2673
4068f5,1583071919,EXS2ZP  ,EXS,LS,Jet2.com,1583061990,EGCC,LEMG,234,1,205,69,0,1577
400803,1583071765,SHT2V   ,SHT,,British Airways Shuttle,1583069790,EGCC,EGLL,249,1,495,279,2,808
407835,1583071614,EZY21DZ ,EZY,U2,easyJet,1583061758,EGCC,,249,1,221,,0,
40768b,1583071438,EZY85VA ,EZY,U2,easyJet,1583063190,EGCC,BIKF,249,1,17,626,0,575
392ae7,1583071310,AFR26TT ,AFR,AF,Air France,1583067480,EGCC,LFPG,241,1,501,352,2,2214
3c5ee3,1583071139,EWG9XG  ,EWG,EW,Eurowings,1583066257,EGCC,EDDL,249,1,496,153,0,575
3c66b6,1583070915,DLH938  ,DLH,LH,Lufthansa,1583065032,EGCC,EDDF,241,1,239,125,1,1720
4caa53,1583070775,BEE4CB  ,BEE,BE,Flybe,1583068124,EGCC,EGNS,241,1,719,266,0,442
8964fd,1583070264,ETD37A  ,ETD,EY,Etihad Airways,1583043391,EGCC,OMAA,241,1,213,1093,0,14676
4072c8,1583070142,EZY21XA ,EZY,U2,easyJet,1583058660,EGCC,,241,1,643,,0,
4074b5,1583070021,EZY92KL ,EZY,U2,easyJet,1583062960,EGCC,,241,1,212,,0,
710411,1583069875,SVA123  ,SVA,SV,Saudi Arabian Airlines,1582967109,EGCC,FAOR,241,1,918,950,4,10538
400fe2,1583069309,EZY12DH ,EZY,U2,easyJet,1583061505,EGCC,LIPZ,241,1,483,157,1,823
4ca893,1583069062,RYR638C ,RYR,FR,Ryanair,1583058847,EGCC,,234,1,474,,0,
a8dc21,1583068889,N670EE  ,N67,,,1583065385,EGCC,LFPB,249,1,1221,383,2,1361
406a63,1583068137,EXS7GT  ,EXS,LS,Jet2.com,1583061664,EGCC,LIMF,234,1,30,1253,0,9233
4ca63a,1583068102,EIN204  ,EIN,EI,Aer Lingus,1583065920,EGCC,EIDW,241,1,487,482,1,1091
4b19f8,1583067887,SWR31K  ,SWR,LX,Swiss International Air Lines,1583062141,EGCC,LSZH,241,1,354,101,1,1687
4009dd,1583067772,TOM69L  ,TOM,BY,Thomsonfly,1583057552,EGCC,LEMG,249,1,484,61,0,824
40600e,1583067565,EZY64RF ,EZY,U2,easyJet,1583058810,EGCC,,249,1,169,,0,
4075af,1583067199,EXS836  ,EXS,LS,Jet2.com,1583061794,EGCC,LFLS,249,1,643,487,0,3142
4076b1,1583066757,TOM2DJ  ,TOM,BY,Thomsonfly,1583060520,EGCC,LFBO,241,1,209,61,2,1229
440309,1583066528,EJU97EA ,EJU,,,1583060172,EGCC,LIMC,256,1,499,47,2,1464
485a32,1583066427,KLM1075 ,KLM,KL,KLM Royal Dutch Airlines,1583062686,EGCC,EHAM,256,1,755,193,0,1383
4ca303,1583066279,RYR26FR ,RYR,FR,Ryanair,1583057357,EGCC,LIRA,249,1,1105,14,0,565
407776,1583066128,CFE4512 ,CFE,CJ,BA CityFlyer,1583060160,EGCC,LFLB,249,1,474,1088,1,6815
06a053,1583065847,QTR3GC  ,QTR,QR,Qatar Airways,1583039943,EGCC,OTHH,249,1,500,19,1,985
4062d5,1583065642,EXS81T  ,EXS,LS,Jet2.com,1583060235,EGCC,LSGG,249,1,239,171,1,67
406d92,1583065526,EZY73FG ,EZY,U2,easyJet,1583058485,EGCC,,249,1,72,,0,
4ca8d8,1583065328,RYR53PP ,RYR,FR,Ryanair,1583056156,EGCC,EPRZ,234,1,650,175,1,1815
40622b,1583065221,EZY97JF ,EZY,U2,easyJet,1583058664,EGCC,LIMF,249,1,484,1169,0,8679
4cafd2,1583064869,RYR8UQ  ,RYR,FR,Ryanair,1583058770,EGCC,ESGG,256,1,1270,562,0,1004
406ae8,1583064797,TOM32X  ,TOM,BY,Thomsonfly,1583063475,EGCC,EGBB,241,1,493,624,0,1532
406a50,1583064568,BEE3DY  ,BEE,BE,Flybe,1583061211,EGCC,EHAM,241,1,708,209,0,1974
3c65d1,1583064464,DLH6CH  ,DLH,LH,Lufthansa,1583058360,EGCC,EDDF,249,1,484,117,1,1415
4ca704,1583064019,RYR5GB  ,RYR,FR,Ryanair,1583056143,EGCC,LEBL,241,1,807,773,0,5661
4d225e,1583063844,RYR30DL ,RYR,FR,Ryanair,1583057890,EGCC,EDDB,241,1,141,135,0,230
40676b,1583063395,AWC504  ,AWC,ZT,Titan Airways,1583057776,EGCC,LFLB,249,1,9,1088,1,5650
4ca4e8,1583063099,RYR9GD  ,RYR,FR,Ryanair,1583056148,EGCC,LIME,249,1,729,432,1,2658
406668,1583062968,EZY53MC ,EZY,U2,easyJet,1583057467,EGCC,LSGG,249,1,194,88,1,80
4b8e0b,1583062799,PGT76W  ,PGT,PC,Pegasus Airlines,1583048252,EGCC,LTFJ,249,1,959,80,1,1648
4ca4f5,1583062602,RYR72TM ,RYR,FR,Ryanair,1583056320,EGCC,LIMC,241,1,646,32,2,1124
400e4a,1583062311,EXS2166 ,EXS,LS,Jet2.com,1583055963,EGCC,LFBO,241,1,445,61,2,1079
4ca607,1583062123,STK32D  ,STK,,Aeropac,1583059631,EGCC,EIDW,241,1,679,368,1,391
400428,1583061712,EXS842  ,EXS,LS,Jet2.com,1583056130,EGCC,LFLS,249,1,75,563,0,3877
8960eb,1583060908,UAE17   ,UAE,EK,Emirates,1583032565,EGCC,OMDB,234,1,439,11,0,1106
4cafb3,1583060657,RYR554  ,RYR,FR,Ryanair,1583058385,EGCC,EIDW,234,1,317,429,1,827
400d8c,1583059855,EZY95BV ,EZY,U2,easyJet,1583056290,EGCC,LFPG,249,1,107,185,3,1875
4d219e,1583059246,EMM009  ,EMM,,,1583055068,EGCC,LFPB,272,1,1229,291,3,577
407797,1583059071,EZY71VZ ,EZY,U2,easyJet,1583055730,EGCC,EHAM,241,1,661,216,0,1483
4952c6,1583058893,TAP131P ,TAP,TP,TAP Portugal,1583050000,EGCC,LPPT,256,1,661,358,1,3110
400d90,1583058744,EZY51ZF ,EZY,U2,easyJet,1583053337,EGCC,LSGG,249,1,117,141,1,21
4cc273,1583058264,ICE52T  ,ICE,FI,Icelandair,1583050389,EGCC,BIKF,249,1,500,687,0,1178
34444c,1583057997,IBS3692 ,IBS,I2,Iberia Express,1583050247,EGCC,LEMD,249,1,176,396,1,4046
400879,1583057787,SHT2Q   ,SHT,,British Airways Shuttle,1583055519,EGCC,EGLL,249,1,371,264,2,787
44ce67,1583057609,BEL7TP  ,BEL,,,1583053416,EGCC,EBBR,249,1,281,142,2,836
4074fc,1583057499,VIR110  ,VIR,VS,Virgin Atlantic Airways,1583032303,EGCC,KATL,249,1,899,14,2,1314
4bb262,1583056789,THY9XC  ,THY,TK,Turkish Airlines,1583042622,EGCC,,249,1,491,,0,
40788c,1583056259,AUR72B  ,AUR,GR,Aurigny Air Services,1583052132,EGCC,EGJB,249,1,679,1977,0,11877
3c674d,1583056102,DLH1PL  ,DLH,LH,Lufthansa,1583049781,EGCC,EDDM,249,1,491,95,0,1173
485a35,1583055597,KLM41R  ,KLM,KL,KLM Royal Dutch Airlines,1583052348,EGCC,EHAM,249,1,61,193,0,838
4ac9e6,1583054930,SAS161E ,SAS,SK,Scandinavian Airlines System,1583046954,EGCC,ESSA,256,1,492,445,0,733
40787b,1583054771,TOM127  ,TOM,BY,Thomsonfly,1583024102,EGCC,,249,1,937,,0,
4ca863,1583054579,SAS42B  ,SAS,SK,Scandinavian Airlines System,1583048242,EGCC,EKCH,272,1,1090,208,0,906
461f2f,1583054068,FIN6EN  ,FIN,AY,Finnair,1583044343,EGCC,,256,1,278,,0,
4cae8e,1583053822,SAS4609 ,SAS,SK,Scandinavian Airlines System,1583047617,EGCC,ENGM,256,1,433,1407,0,5264
40087a,1583052777,SHT2J   ,SHT,,British Airways Shuttle,1583050773,EGCC,EGLL,264,1,498,302,2,1481
76cdb1,1583052498,SIA51   ,SIA,SQ,Singapore Airlines,1583023726,EGCC,KIAH,256,1,939,282,0,4944
407560,1583051810,AWC526Y ,AWC,ZT,Titan Airways,1583049903,EGCC,EGSS,264,1,635,381,0,1537
3c6584,1583051323,DLH5HR  ,DLH,LH,Lufthansa,1583045846,EGCC,EDDF,256,1,457,117,1,1536
3e5241,1583051039,ECA4C   ,ECA,UI,Eurocypria Airlines,1583048764,EGCC,EIDW,264,1,1189,482,1,825
4caad7,1583050701,STK2M   ,STK,,Aeropac,1583046859,EGCC,EICK,256,1,666,502,0,2108
400db1,1583050580,EZY130  ,EZY,U2,easyJet,1583048364,EGCC,EGAA,264,1,491,962,0,3353
ab236a,1583050367,AAL734  ,AAL,AA,American Airlines,1583029547,EGCC,KPHL,256,1,215,3,3,1984
484cb5,1583049833,KLM35N  ,KLM,KL,KLM Royal Dutch Airlines,1583046352,EGCC,EHAM,249,1,758,247,0,1597
4072b7,1583049638,BEE1TH  ,BEE,BE,Flybe,1583047907,EGCC,EGNS,272,1,1016,319,0,733
76cdb5,1583049508,SIA52   ,SIA,SQ,Singapore Airlines,1582999928,EGCC,WSSS,264,1,538,420,2,2640
392af1,1583049329,AFR55LU ,AFR,AF,Air France,1583045073,EGCC,LFPG,256,1,459,253,2,2293
040187,1583049089,ETH728  ,ETH,ET,Ethiopian Airlines,1583044839,EGCC,EBMB,256,1,204,168,2,1064
8964af,1583049059,UAE1KM  ,UAE,EK,Emirates,1583021144,EGCC,OMDB,264,1,284,3,0,1543
400678,1583048928,VIR78   ,VIR,VS,Virgin Atlantic Airways,1583044785,EGCC,,264,1,318,,0,
4ca804,1583048189,RYR9FJ  ,RYR,FR,Ryanair,1583045598,EGCC,EGCC,249,1,737,272,1,1181
a14fab,1583047728,N184BK  ,N18,,,1583026581,EGCC,KISP,279,1,1195,160,0,1637
407797,1583047707,EZY24NA ,EZY,U2,easyJet,1583030854,EGCC,,272,1,755,,0,
4ca281,1583047549,EIN2AW  ,EIN,EI,Aer Lingus,1583045362,EGCC,EIDW,272,1,45,482,1,1020
4ca1c3,1583047129,RYR62UA ,RYR,FR,Ryanair,1583044560,EGCC,EIDW,256,1,540,505,1,1193
a87223,1583046911,UAL81   ,UAL,UA,United Airlines,1583024975,EGCC,KEWR,272,1,145,177,1,2600
89653c,1583042997,ETD49D  ,ETD,EY,Etihad Airways,1583016826,EGCC,,264,1,277,,0,
4008f7,1583042637,VIR75L  ,VIR,VS,Virgin Atlantic Airways,1582973549,EGCC,EGCC,272,1,684,295,1,280
06a2c5,1583041493,QTR3GV  ,QTR,QR,Qatar Airways,1583015846,EGCC,OTHH,264,1,35,194,1,2356
4074fe,1583040539,VIR128K ,VIR,VS,Virgin Atlantic Airways,1583020023,EGCC,KJFK,272,1,490,369,0,2183
40787a,1583039457,TOM155  ,TOM,BY,Thomsonfly,1583014435,EGCC,,272,1,862,,0,
405ea2,1583028114,SXN51D  ,SXN,,,1583025622,EGCC,EGMC,287,1,629,274,0,373
400e4e,1583027579,EXS4KE  ,EXS,LS,Jet2.com,1583013455,EGCC,,287,1,157,,0,
40717d,1583026762,EXS138  ,EXS,LS,Jet2.com,1583009388,EGCC,,279,1,291,,0,
406fd8,1583026453,EZY41DM ,EZY,U2,easyJet,1583012267,EGCC,,279,1,475,,0,
4072c8,1583025234,EZY34DE ,EZY,U2,easyJet,1583009330,EGCC,,279,1,452,,0,
407731,1583022687,EXS756  ,EXS,LS,Jet2.com,1583008361,EGCC,,287,1,54,,0,
a0cf7a,1583021079,N151SD  ,N15,,,1583020122,EGCC,EGNX,302,1,1270,402,0,371
407835,1583020914,EZY83KB ,EZY,U2,easyJet,1583004436,EGCC,,287,1,487,,0,
